smiles,log_ic50
C[C@@H](c1cccc(c1)c1c2ccccc2[nH]n1)Sc1nncn1C,2.7407573233077707
C[C@H](c1cccc(c1)c1c2ccccc2[nH]n1)Sc1nncn1C,3.477193631102115
C[C@@H](c1cccc(c1)c1cc(c2ccccc2)n[nH]1)Sc1nncn1C,2.7407573233077707
C[C@H](c1cccc(c1)c1cc(c2ccccc2)n[nH]1)Sc1nncn1C,3.8750612633917
C[C@@H](c1cccc(c1)c1cc(c2cccc(c2)OC)n[nH]1)Sc1nncn1C,3.477193631102115
C[C@@H](c1cccc(c1)n1ncc(c2ccccc2)n1)Sc1nncn1C,2.7407573233077707
C[C@H](c1cccc(c1)n1ncc(c2ccccc2)n1)Sc1nncn1C,3.8750612633917
C[C@@H](c1cccc(c1)n1ncc(c2ccc(CO)cc2)n1)Sc1nncn1C,3.477193631102115
C[C@@H](c1cccc(c1)n1ncc(c2cccc(c2)[Cl])n1)Sc1nncn1C,3.477193631102115
C[C@@H](c1cccc(c1)n1ncc(c2ccc(cc2)[Cl])n1)Sc1nncn1C,3.477193631102115
C[C@@H](c1cccc(c1)n1ncc(c2ccc(C#N)cc2)n1)Sc1nncn1C,2.7407573233077707
C[C@@H](c1cccc(c1)n1ncc(c2cccc(C#N)c2)n1)Sc1nncn1C,3.477193631102115
C[C@@H](c1cccc(c1)n1ncc(c2ccc(cc2)OC)n1)Sc1nncn1C,2.7407573233077707
C[C@@H](c1cccc(c1)n1ncc(c2cccc(c2)OC)n1)Sc1nncn1C,3.477193631102115
C[C@@H](c1cccc(c1)n1ncc(c2cccc(c2)C(N)=O)n1)Sc1nncn1C,2.7407573233077707
C[C@@H](c1cccc(c1)n1ncc(c2ccc(cc2)C(N)=O)n1)Sc1nncn1C,3.477193631102115
C[C@@H](c1cccc(c1)n1ncc(c2cccc(c2)C(NC)=O)n1)Sc1nncn1C,3.477193631102115
C[C@@H](c1cccc(c1)n1ncc(c2ccc(cc2)C(NC)=O)n1)Sc1nncn1C,3.477193631102115
C[C@@H](c1cccc(c1)n1ncc(c2cccc(c2)C(O)=O)n1)Sc1nncn1C,3.477193631102115
C[C@@H](c1cccc(c1)n1ncc(c2ccc(cc2)C(O)=O)n1)Sc1nncn1C,3.8750612633917
C[C@@H](c1ccnc(c1)n1ncc(c2ccccc2)n1)Sc1nncn1C,3.8750612633917
C[C@@H](c1cccc(c1)n1cc(c2ccccc2)nn1)Sc1nncn1C,3.477193631102115
C[C@@H](c1cccc(c1)n1cc(c2cccc(CO)c2)nn1)Sc1nncn1C,3.8750612633917
C[C@@H](c1cccc(c1)n1cc(c2ccc(CO)cc2)nn1)Sc1nncn1C,3.8750612633917
C[C@@H](c1cccc(c1)n1cc(c2ccc(cc2)OC)nn1)Sc1nncn1C,3.477193631102115
C[C@@H](c1cccc(c1)n1cc(c2cccc(c2)OC)nn1)Sc1nncn1C,3.477193631102115
C[C@@H](c1cccc(c1)n1cc(c2cccc(c2)[Cl])nn1)Sc1nncn1C,3.477193631102115
C[C@@H](c1cccc(c1)n1cc(c2ccc(cc2)[Cl])nn1)Sc1nncn1C,3.477193631102115
C[C@@H](c1cccc(c1)n1cc(c2ccc(C#N)cc2)nn1)Sc1nncn1C,3.477193631102115
C[C@@H](c1cccc(c1)n1cc(c2cccc(C#N)c2)nn1)Sc1nncn1C,3.8750612633917
C[C@@H](c1cccc(c1)n1cc(c2cccc(c2)C(N)=O)nn1)Sc1nncn1C,3.477193631102115
C[C@@H](c1cccc(c1)n1cc(c2ccc(cc2)C(N)=O)nn1)Sc1nncn1C,3.477193631102115
C[C@@H](c1cccc(c1)n1cc(c2cccc(c2)C(NC)=O)nn1)Sc1nncn1C,3.8750612633917
C[C@@H](c1cccc(c1)n1cc(c2ccc(cc2)C(NC)=O)nn1)Sc1nncn1C,3.8750612633917
C[C@@H](c1cccc(c1)n1cc(c2cccc(c2)C(O)=O)nn1)Sc1nncn1C,3.8750612633917
C[C@@H](c1cccc(c1)n1cc(c2ccc(cc2)C(O)=O)nn1)Sc1nncn1C,3.8750612633917
C[C@@H](c1cccc(c1)c1cc(c2ccccc2)no1)Sc1nncn1C,3.477193631102115
C[C@H](c1cccc(c1)c1cc(c2ccccc2)no1)Sc1nncn1C,3.8750612633917
Cc1cccc(c1)c1cc(c2cccc(c2)[C@H](C)Sc2nncn2C)on1,3.477193631102115
Cc1ccc(cc1)c1cc(c2cccc(c2)[C@H](C)Sc2nncn2C)on1,3.477193631102115
C[C@@H](c1cccc(c1)c1cc(c2ccc(CO)cc2)no1)Sc1nncn1C,3.477193631102115
C[C@@H](c1cccc(c1)c1cc(c2cccc(c2)[Cl])no1)Sc1nncn1C,3.477193631102115
C[C@@H](c1cccc(c1)c1cc(c2ccc(cc2)[Cl])no1)Sc1nncn1C,3.477193631102115
C[C@@H](c1cccc(c1)c1cc(c2cccc(C#N)c2)no1)Sc1nncn1C,3.477193631102115
C[C@@H](c1cccc(c1)c1cc(c2ccc(C#N)cc2)no1)Sc1nncn1C,3.477193631102115
C[C@@H](c1cccc(c1)c1cc(c2cccc(c2)C(F)(F)F)no1)Sc1nncn1C,3.477193631102115
C[C@@H](c1cccc(c1)c1cc(c2ccc(cc2)OC)no1)Sc1nncn1C,3.477193631102115
C[C@@H](c1cccc(c1)c1cc(c2cccc(c2)OC)no1)Sc1nncn1C,3.477193631102115
C[C@@H](c1cccc(c1)c1cc(c2ccc(cc2)C(NC)=O)no1)Sc1nncn1C,3.477193631102115
C[C@@H](c1cccc(c1)c1cc(c2ccc(cc2)C(O)=O)no1)Sc1nncn1C,3.8750612633917
C[C@@H](c1cccc(c1)c1cc(c2ccc(cc2)S(C)(=O)=O)no1)Sc1nncn1C,3.8750612633917
C[C@@H](c1cccc(c1)c1cc(c2ccccn2)no1)Sc1nncn1C,3.8750612633917
C[C@@H](c1ccnc(c1)c1cc(c2ccccc2)no1)Sc1nncn1C,3.8750612633917
C[C@H](Cc1nncn1C)c1cccc(c1)c1cc(c2ccccn2)n[nH]1,2.7407573233077707
C[C@H](Cc1nncn1C)c1cccc(c1)c1cc(c2ncccn2)n[nH]1,2.7407573233077707
C[C@H](Cc1nncn1C)c1cccc(c1)c1c2c(ccc(C(F)(F)F)n2)n[nH]1,2.7407573233077707
C[C@H](Cc1nncn1C)c1cccc(c1)c1c2c(cccn2)[nH]n1,3.477193631102115
Cc1ccc2c(c(c3cccc(c3)[C@H](C)Cc3nncn3C)n[nH]2)n1,3.477193631102115
C[C@H](Cc1nncn1C)c1cccc(c1)c1c2c(cc(cn2)C2CCC2)[nH]n1,3.477193631102115
C[C@H](Cc1nncn1C)c1cccc(c1)c1c2c(c(cc(C(F)(F)F)n2)N2CC(C2)O)n[nH]1,2.7407573233077707
C[C@H](Cc1nncn1C)c1cccc(c1)c1c2c(c(cc(C(F)(F)F)n2)N2CC[C@@H](C2)O)n[nH]1,2.7407573233077707
C[C@@H](Cc1nncn1C)c1cccc(c1)c1c2c(c(cc(C(F)(F)F)n2)N2CC[C@@H](C2)O)n[nH]1,2.7407573233077707
C[C@H](Cc1nncn1C)c1cccc(c1)c1c2c(c(cc(C(F)(F)F)n2)N2CCC(CC2)O)n[nH]1,2.7407573233077707
C[C@H](Cc1nncn1C)c1cccc(c1)c1c2c(c(ccn2)N2CCC(CC2)O)[nH]n1,3.477193631102115
C[C@@H](Cc1nncn1C)c1cccc(c1)c1c2c(c(CN3CC[C@@H](C3)F)cc(C(F)(F)F)n2)n[nH]1,0.3010299956639812
C[C@H](Cc1nncn1C)c1cccc(c1)NC(N1CCc2cccnc12)=O,2.7407573233077707
C[C@H](Cc1nncn1C)c1cccc(c1)NC(N1CC(C)(C)c2cccnc12)=O,2.7407573233077707
C[C@H](Cc1nncn1C)c1cccc(c1)NC(N1CCCc2cccnc12)=O,2.7407573233077707
Cn1cnnc1CC1(COC1)c1cccc(c1)NC(N1CC2(CCNCC2)c2cccnc12)=O,0.3010299956639812
CN1CCC2(CC1)CN(C(Nc1cccc(c1)C1(Cc3nncn3C)COC1)=O)c1c2cccn1,2.7407573233077707
Cn1cnnc1[C@@H]1C[C@@H]1c1cccc(c1)NC(N1CCOc2cccnc12)=O,2.7407573233077707
Cn1cnnc1[C@H]1C[C@H]1c1cccc(c1)NC(N1CCOc2cccnc12)=O,3.8750612633917
C[C@H](Cc1nncn1C)c1cccc(c1)NC(N1CCOc2cccnc12)=O,0.3010299956639812
C[C@H](Cc1nncn1C)c1cccc(c1)NC(N1CC(C)(C)Oc2cccnc12)=O,0.3010299956639812
C[C@H](Cc1nncn1C)c1cccc(c1)NC(N1CCOc2cc(cnc12)[Br])=O,2.7407573233077707
Cn1cnnc1CC1(COC1)c1cccc(c1)NC(N1CCOc2cccnc12)=O,2.7407573233077707
C[C@@](c1cccc(c1)NC(N1CCOc2cccnc12)=O)(C(c1nncn1C)(F)F)F,2.7407573233077707
Cn1cnnc1CC1(COC1)c1cccc(c1)NC(N1CC2(CNC2)Oc2cccnc12)=O,0.3010299956639812
CN1CC2(C1)CN(C(Nc1cccc(c1)C1(Cc3nncn3C)COC1)=O)c1c(cccn1)O2,0.3010299956639812
Cn1cnnc1CC1(COC1)c1cccc(c1)NC(N1C[C@@]2(CCNC2)Oc2cccnc12)=O,0.3010299956639812
C[C@@](c1cccc(c1)NC(N1CC2(CNC2)Oc2cccnc12)=O)(C(c1nncn1C)(F)F)F,0.3010299956639812
Cc1cccc2CN(Cc12)C(Nc1cccc(c1)[C@H](C)Cc1nncn1C)=O,2.7407573233077707
C[C@H](Cc1nncn1C)c1cccc(c1)N1Cc2c(cccc2[Br])C1=O,2.302114376956201
C[C@H](Cc1nncn1C)c1cccc(c1)N1Cc2c(ccnc2C2CC2)C1=O,2.302114376956201
C[C@H](Cc1nncn1C)c1cccc(c1)N1Cc2c(ccnc2C2CCC2)C1=O,2.302114376956201
Cc1cc2C(N(Cc2c(C2CC2)n1)c1cccc(c1)[C@H](C)Cc1nncn1C)=O,2.813247300897605
C[C@H](Cc1nncn1C)c1cccc(c1)N1Cc2c(cc(C3CC3)nc2C2CC2)C1=O,2.302114376956201
CC(C)c1c2CN(C(c2ccn1)=O)c1cccc(c1)[C@H](C)Cc1nncn1C,2.813247300897605
Cc1cc2C(N(Cc2c(C2CC2)n1)c1cccc(c1)C1(Cc2nncn2C)COC1)=O,0.3010299956639812
Cn1cnnc1CC1(COC1)c1cccc(c1)N1Cc2c(cc(C3CC3)nc2C2CC2)C1=O,0.3010299956639812
Cc1cc2C(N(Cc2c(C2CC2)n1)c1cccc(c1)C1(COC1)C(c1nncn1C)(F)F)=O,2.813247300897605
C[C@H](Cc1nncn1C)c1cccc(c1)N1Cc2c(ccnc2C(F)(F)F)C1=O,2.302114376956201
Cn1cnnc1[C@@H]1C[C@@H]1c1cccc(c1)N1Cc2c(ccnc2C(F)(F)F)C1=O,2.813247300897605
C[C@H](Cc1nncn1C)c1cccc(c1)N1Cc2c(ccnc2C(C)(C)F)C1=O,2.813247300897605
Cn1cnnc1CC1(COC1)c1cccc(c1)N1Cc2c(ccnc2C(F)(F)F)C1=O,0.3010299956639812
Cn1cnnc1CC1(COC1)c1cccc(c1)N1Cc2c(cc(CN3CCCC3)nc2C2CC2)C1=O,0.3010299956639812
CC(c1cc2C(N(Cc2c(C2CC2)n1)c1cccc(c1)C1(Cc2nncn2C)COC1)=O)N1CCCC1,0.3010299956639812
CC(c1cc2C(N(Cc2c(C2CC2)n1)c1cccc(c1)C1(Cc2nncn2C)COC1)=O)N1CCCCC1,0.3010299956639812
CC(c1cc2C(N(Cc2c(C2CC2)n1)c1cccc(c1)C1(Cc2nncn2C)COC1)=O)N1CC2(CC2)C1,0.3010299956639812
CC(c1cc2C(N(Cc2c(C2CC2)n1)c1cccc(c1)C1(Cc2nncn2C)COC1)=O)N1CCC2(CC2)C1,0.3010299956639812
Cn1cnnc1CC1(COC1)c1cccc(c1)N1Cc2c(cc(CN3CC[C@@H](C3)F)nc2C2CC2)C1=O,0.3010299956639812
Cn1cnnc1CC1(COC1)c1cccc(c1)N1Cc2c(cc(nc2C2CC2)N2CC(C2)C(F)F)C1=O,0.3010299956639812
C[C@H](Cc1nncn1C)c1cccc(c1)N1Cc2c(cccc2C(F)(F)F)C1=O,0.3010299956639812
C[C@@H](Cc1nncn1C)c1cccc(c1)N1Cc2c(cccc2C(F)(F)F)C1=O,3.301138555715016
Cn1cnnc1CC1(CC1)c1cccc(c1)N1Cc2c(cccc2C(F)(F)F)C1=O,0.3010299956639812
CC(C)(Cc1nncn1C)c1cccc(c1)N1Cc2c(cccc2C(F)(F)F)C1=O,0.3010299956639812
C[C@H]1[C@H](c2cccc(c2)N2Cc3c(cccc3C(F)(F)F)C2=O)[C@@H]1c1nncn1C,0.3010299956639812
Cn1cnnc1[C@@H]1C[C@@H]1c1cccc(c1)N1Cc2c(cccc2C(F)(F)F)C1=O,2.813247300897605
Cn1cnnc1[C@@H]1CC[C@@H]1c1cccc(c1)N1Cc2c(cccc2C(F)(F)F)C1=O,2.813247300897605
Cn1cnnc1C1CCC1c1cccc(c1)N1Cc2c(cccc2C(F)(F)F)C1=O,2.813247300897605
C[C@H](Cc1nncn1C)c1cccc(c1)N1Cc2c(cc(cc2C(F)(F)F)C2CC2)C1=O,0.3010299956639812
CC(Cc1nncn1C)c1cc(cc(c1)N1Cc2c(cccc2C(F)(F)F)C1=O)C1CCC1,2.813247300897605
CC(C)(Cc1nncn1C)c1cccc(c1)N1Cc2c(cc(cc2C(F)(F)F)C2CC2)C1=O,0.3010299956639812
Cn1cnnc1C[C@@H](C(F)F)c1cccc(c1)N1Cc2c(cccc2C(F)(F)F)C1=O,2.302114376956201
Cn1cnnc1C[C@H](c1cccc(c1)N1Cc2c(cccc2C(F)(F)F)C1=O)C(F)(F)F,2.302114376956201
Cn1cnnc1CC(c1cccc(c1)N1Cc2c(cccc2C(F)(F)F)C1=O)C(F)(F)F,2.813247300897605
Cn1cnnc1C[C@@H](c1cccc(c1)N1Cc2c(cccc2C(F)(F)F)C1=O)C(F)(F)F,3.8129467626258653
Cn1cnnc1CC1(CC(C1)(F)F)c1cccc(c1)N1Cc2c(cccc2C(F)(F)F)C1=O,0.3010299956639812
CC(Cc1nncn1C)(c1cccc(c1)N1Cc2c(cccc2C(F)(F)F)C1=O)F,2.302114376956201
C[C@](Cc1nncn1C)(c1cccc(c1)N1Cc2c(cccc2C(F)(F)F)C1=O)F,2.302114376956201
C[C@@](Cc1nncn1C)(c1cccc(c1)N1Cc2c(cccc2C(F)(F)F)C1=O)F,3.301138555715016
CC(Cc1nncn1C)c1cc(cc(c1)F)N1Cc2c(cccc2C(F)(F)F)C1=O,2.302114376956201
C[C@H](Cc1nncn1C)c1cc(cc(c1)F)N1Cc2c(cccc2C(F)(F)F)C1=O,2.302114376956201
C[C@@H](Cc1nncn1C)c1cc(cc(c1)F)N1Cc2c(cccc2C(F)(F)F)C1=O,3.8129467626258653
C[C@H](Cc1nncn1C)c1cc(ccc1F)N1Cc2c(cccc2C(F)(F)F)C1=O,3.8129467626258653
Cn1cnnc1CC1(CC(C1)CO)c1cccc(c1)N1Cc2c(cccc2C(F)(F)F)C1=O,2.302114376956201
C[C@H](Cc1nncn1C)c1cccc(c1)N1Cc2c(cc(CO)cc2C(F)(F)F)C1=O,0.3010299956639812
CC(c1cc2C(N(Cc2c(c1)C(F)(F)F)c1cccc(c1)[C@@H](C)Cc1nncn1C)=O)O,0.3010299956639812
C[C@H](Cc1nncn1C)c1cccc(c1)N1Cc2c(cc(cc2C(F)(F)F)C(C)(C)O)C1=O,0.3010299956639812
C[C@H](Cc1nncn1C)c1cccc(c1)N1Cc2c(cc(cc2C(F)(F)F)C(O)=O)C1=O,3.301138555715016
C[C@H](Cc1ncn(C)n1)c1cccc(c1)N1Cc2c(cccc2C(F)(F)F)C1=O,3.8129467626258653
C[C@H](Cc1ncnn1C)c1cccc(c1)N1Cc2c(cccc2C(F)(F)F)C1=O,3.8129467626258653
C[C@H](c1cccc(c1)N1Cc2c(cccc2C(F)(F)F)C1=O)[C@@H](c1nncn1C)O,3.301138555715016
C[C@H](Cc1nncn1C)c1cccc(c1)N1Cc2c(cc(cc2C(F)(F)F)[C@H]2CCCNC2)C1=O,0.3010299956639812
C[C@@H](Cc1nncn1C)c1cccc(c1)N1Cc2c(cc(cc2C(F)(F)F)[C@H]2CCCNC2)C1=O,2.302114376956201
C[C@H](Cc1nncn1C1CC1)c1cccc(c1)N1Cc2c(cccc2C(F)(F)F)C1=O,2.813247300897605
Cn1cnnc1[C@@H]1C[C@@H]1c1cccc(c1)N1Cc2c(cc(C#N)cc2C(F)(F)F)C1=O,2.302114376956201
C[C@@H](c1cccc(c1)N1Cc2c(cccc2C(F)(F)F)C1=O)[C@@H](c1nncn1C)F,2.302114376956201
C[C@H](c1cccc(c1)N1Cc2c(cccc2C(F)(F)F)C1=O)[C@@H](c1nncn1C)F,0.3010299956639812
CC(C(c1nncn1C)F)c1cccc(c1)N1Cc2c(cccc2C(F)(F)F)C1=O,2.813247300897605
C[C@@H](c1cccc(c1)N1Cc2c(cccc2C(F)(F)F)C1=O)C(c1nncn1C)(F)F,2.302114376956201
CC(c1cccc(c1)N1Cc2c(cccc2C(F)(F)F)C1=O)C(c1nncn1C)(F)F,2.813247300897605
C[C@@](c1cccc(c1)N1Cc2c(cccc2C(F)(F)F)C1=O)([C@@H](c1nncn1C)F)F,0.3010299956639812
C[C@@](c1cccc(c1)N1Cc2c(cccc2C(F)(F)F)C1=O)([C@@H](c1nncn1C)F)F,2.302114376956201
C[C@@](c1cccc(c1)N1Cc2c(cccc2C(F)(F)F)C1=O)([C@H](c1nncn1C)F)F,2.813247300897605
C[C@@](c1cccc(c1)N1Cc2c(cccc2C(F)(F)F)C1=O)([C@H](c1nncn1C)F)F,3.301138555715016
C[C@@](c1cccc(c1)N1Cc2c(cccc2C(F)(F)F)C1=O)(C(c1nncn1C)(F)F)F,2.302114376956201
CC(c1cccc(c1)N1Cc2c(cccc2C(F)(F)F)C1=O)(C(c1nncn1C)(F)F)F,2.813247300897605
C[C@](c1cccc(c1)N1Cc2c(cccc2C(F)(F)F)C1=O)(C(c1nncn1C)(F)F)F,3.8129467626258653
C[C@@](c1cccc(c1)N1Cc2c(cc(cc2C(F)(F)F)C2CC2)C1=O)([C@H](c1nncn1C)F)F,2.302114376956201
C[C@@](c1cccc(c1)N1Cc2c(cc(cc2C(F)(F)F)C2CC2)C1=O)([C@H](c1nncn1C)F)F,3.301138555715016
C[C@@](c1cccc(c1)N1Cc2c(cc(cc2C(F)(F)F)C2CC2)C1=O)([C@@H](c1nncn1C)F)F,2.302114376956201
C[C@@](c1cccc(c1)N1Cc2c(cc(cc2C(F)(F)F)C2CC2)C1=O)([C@@H](c1nncn1C)F)F,2.813247300897605
CC(c1cc2C(N(Cc2c(c1)C(F)(F)F)c1cccc(c1)[C@](C)(C(c1nncn1C)(F)F)F)=O)O,0.3010299956639812
Cn1cnnc1CC(c1cccc(c1)N1Cc2c(cccc2C(F)(F)F)C1=O)OC,3.301138555715016
CCOC(Cc1nncn1C)c1cccc(c1)N1Cc2c(cccc2C(F)(F)F)C1=O,3.8129467626258653
CC(Cc1nncn1C)(c1cccc(c1)N1Cc2c(cccc2C(F)(F)F)C1=O)O,3.8129467626258653
CC(c1cccc(c1)N1Cc2c(cccc2C(F)(F)F)C1=O)(C(c1nncn1C)(F)F)O,3.8129467626258653
C[C@H](Cc1nncn1C)c1cc(cc(c1)N1Cc2c(cccc2C(F)(F)F)C1=O)NC1COC1,2.813247300897605
C[C@H](Cc1nc[nH]n1)c1cccc(c1)N1Cc2c(cccc2C(F)(F)F)C1=O,2.813247300897605
C[C@@](c1cccc(c1)N1Cc2c(cc(cc2C(F)(F)F)c2cc(cnc2)F)C1=O)(C(c1nncn1C)(F)F)F,2.302114376956201
C[C@H](Cc1nncn1C)c1cccc(c1)N1Cc2c(cc(cc2C1=O)C(N1CC(C1)O)=O)C1CC1,0.3010299956639812
C[C@H](Cc1nncn1C)c1cccc(c1)N1Cc2c(cc(cc2C1=O)C(N1CC[C@@H](C1)O)=O)C1CC1,0.3010299956639812
C[C@H](Cc1nncn1C)c1cccc(c1)N1Cc2c(cc(cc2C(F)(F)F)N[C@H]2CCNC2)C1=O,0.3010299956639812
C[C@H](Cc1nncn1C)c1cccc(c1)N1Cc2c(cc(cc2C(F)(F)F)N(C)[C@H]2CCNC2)C1=O,0.3010299956639812
C[C@H](Cc1nncn1C)c1cccc(c1)N1Cc2c(cc(CN3CC(C3)O)cc2C(F)(F)F)C1=O,0.3010299956639812
C[C@@H](c1cc2C(N(Cc2c(c1)C(F)(F)F)c1cccc(c1)[C@H](C)Cc1nncn1C)=O)N1CC(C1)O,0.3010299956639812
C[C@@H](Cc1nncn1C)c1cccc(c1)N1Cc2c(cc(cc2C(F)(F)F)[C@H](C)N2CC(C2)O)C1=O,0.3010299956639812
C[C@H](Cc1nncn1C)c1cccc(c1)N1Cc2c(cc(CN3CC(C)(C3)O)cc2C(F)(F)F)C1=O,0.3010299956639812
C[C@H](Cc1nncn1C)c1cccc(c1)N1Cc2c(cc(cc2C(F)(F)F)C(N2CC(C2)O)=O)C1=O,0.3010299956639812
C[C@H](Cc1nncn1C)c1cccc(c1)N1Cc2c(cc(CN3CC(C3)F)cc2C(F)(F)F)C1=O,0.3010299956639812
C[C@H](Cc1nncn1C)c1cccc(c1)N1Cc2c(cc(CN3CC(C3)(F)F)cc2C(F)(F)F)C1=O,0.3010299956639812
C[C@H](Cc1nncn1C)c1cccc(c1)N1Cc2c(cc(CN3CC[C@@H](C3)O)cc2C(F)(F)F)C1=O,0.3010299956639812
CC(c1cc2C(N(Cc2c(c1)C(F)(F)F)c1cccc(c1)[C@H](C)Cc1nncn1C)=O)N1CC[C@@H](C1)O,0.3010299956639812
C[C@H](Cc1nncn1C)c1cccc(c1)N1Cc2c(cc(CN3CC[C@@](C)(C3)O)cc2C(F)(F)F)C1=O,0.3010299956639812
C[C@H](Cc1nncn1C)c1cccc(c1)N1Cc2c(cc(cc2C(F)(F)F)C(N2CC[C@@H](C2)O)=O)C1=O,0.3010299956639812
C[C@H](Cc1nncn1C)c1cccc(c1)N1Cc2c(cc(cc2C(F)(F)F)C(N2C[C@H](C[C@H]2C)O)=O)C1=O,0.3010299956639812
C[C@H](Cc1nncn1C)c1cccc(c1)N1Cc2c(cc(CN3CC[C@@H](C3)F)cc2C(F)(F)F)C1=O,0.3010299956639812
C[C@@H](Cc1nncn1C)c1cccc(c1)N1Cc2c(cc(CN3CC[C@@H](C3)F)cc2C(F)(F)F)C1=O,0.3010299956639812
C[C@@H](c1cc2C(N(Cc2c(c1)C(F)(F)F)c1cccc(c1)[C@H](C)Cc1nncn1C)=O)N1CC[C@@H](C1)F,0.3010299956639812
C[C@H](Cc1nncn1C)c1cccc(c1)N1Cc2c(cc(cc2C(F)(F)F)[C@@H](C)N2CC[C@@H](C2)F)C1=O,0.3010299956639812
Cn1cnnc1[C@@H]1C[C@@H]1c1cccc(c1)N1Cc2c(cc(CN3CC[C@@H](C3)F)cc2C(F)(F)F)C1=O,0.3010299956639812
CC(c1cc2C(N(Cc2c(c1)C(F)(F)F)c1cccc(c1)[C@H]1C[C@H]1c1nncn1C)=O)N1CC[C@@H](C1)F,0.3010299956639812
C[C@H](Cc1nncn1C)c1cccc(c1)N1Cc2c(cc(CN3CCC(C3)(F)F)cc2C(F)(F)F)C1=O,0.3010299956639812
C[C@@H](Cc1nncn1C)c1cccc(c1)N1Cc2c(cc(CN3C[C@@H]([C@H](C3)F)O)cc2C(F)(F)F)C1=O,0.3010299956639812
C[C@@H](Cc1nncn1C)c1cccc(c1)N1Cc2c(cc(CN3C[C@@H]([C@@H](C3)O)F)cc2C(F)(F)F)C1=O,0.3010299956639812
C[C@H](Cc1nncn1C)c1cccc(c1)N1Cc2c(cc(CN3CC(C(C3)(F)F)O)cc2C(F)(F)F)C1=O,0.3010299956639812
C[C@@](c1cccc(c1)N1Cc2c(cc(cc2C(F)(F)F)N2CCNCC2)C1=O)(C(c1nncn1C)(F)F)F,0.3010299956639812
C[C@@](c1cccc(c1)N1Cc2c(cc(cc2C(F)(F)F)N2CCN(C)CC2)C1=O)(C(c1nncn1C)(F)F)F,2.302114376956201
C[C@@H]1CN(C)CCN1c1cc2C(N(Cc2c(c1)C(F)(F)F)c1cccc(c1)[C@](C)(C(c1nncn1C)(F)F)F)=O,0.3010299956639812
C[C@H]1CN(C)CCN1c1cc2C(N(Cc2c(c1)C(F)(F)F)c1cccc(c1)[C@](C)(C(c1nncn1C)(F)F)F)=O,0.3010299956639812
C[C@@](c1cccc(c1)N1Cc2c(cc(cc2C(F)(F)F)N(C)[C@@H]2CNC[C@@H]2F)C1=O)(C(c1nncn1C)(F)F)F,2.302114376956201
C[C@@](c1cccc(c1)N1Cc2c(cc(cc2C(F)(F)F)N(C)[C@@H]2CNC[C@H]2F)C1=O)(C(c1nncn1C)(F)F)F,0.3010299956639812
C[C@@](c1cccc(c1)N1Cc2c(cc(cc2C(F)(F)F)N(C)[C@H]2CNC[C@@H]2F)C1=O)(C(c1nncn1C)(F)F)F,0.3010299956639812
C[C@@](c1cccc(c1)N1Cc2c(cc(cc2C(F)(F)F)N(C)[C@H]2CNC[C@H]2F)C1=O)(C(c1nncn1C)(F)F)F,2.302114376956201
C[C@@](c1cccc(c1)N1Cc2c(cc(CN3CC(C3)F)cc2C(F)(F)F)C1=O)(C(c1nncn1C)(F)F)F,2.302114376956201
C[C@@](c1cccc(c1)N1Cc2c(cc(CN3CC[C@H](C3)F)cc2C(F)(F)F)C1=O)(C(c1nncn1C)(F)F)F,0.3010299956639812
C[C@@](c1cccc(c1)N1Cc2c(cc(CN3CC[C@H](C3)F)cc2C(F)(F)F)C1=O)(C(c1nncn1C)(F)F)F,2.813247300897605
C[C@@](c1cccc(c1)N1Cc2c(cc(CN3CC[C@@H](C3)F)cc2C(F)(F)F)C1=O)(C(c1nncn1C)(F)F)F,0.3010299956639812
C[C@@](c1cccc(c1)N1Cc2c(cc(CN3C[C@@H]([C@@H](C3)F)F)cc2C(F)(F)F)C1=O)(C(c1nncn1C)(F)F)F,0.3010299956639812
C[C@@H](c1cc2C(N(Cc2c(c1)C(F)(F)F)c1cccc(c1)[C@](C)(C(c1nncn1C)(F)F)F)=O)N1CC[C@@H](C1)F,0.3010299956639812
C[C@H](c1cc2C(N(Cc2c(c1)C(F)(F)F)c1cccc(c1)[C@](C)(C(c1nncn1C)(F)F)F)=O)N1CC[C@@H](C1)F,0.3010299956639812
C[C@@](c1cccc(c1)N1Cc2c(cc(CN3CCC(C3)(F)F)cc2C(F)(F)F)C1=O)(C(c1nncn1C)(F)F)F,0.3010299956639812
Cn1cnnc1C(C1(CC1)c1cccc(c1)N1Cc2c(cc(CN3CC[C@@H](C3)F)cc2C(F)(F)F)C1=O)(F)F,0.3010299956639812
C[C@@](c1cccc(c1)N1Cc2c(cc(CN3CC(C3)C#N)cc2C(F)(F)F)C1=O)(C(c1nncn1C)(F)F)F,2.302114376956201
C[C@@](c1cccc(c1)N1Cc2c(cc(CN3CC[C@H](C3)C#N)cc2C(F)(F)F)C1=O)(C(c1nncn1C)(F)F)F,0.3010299956639812
C[C@@](c1cccc(c1)N1Cc2c(cc(CN3CC[C@@H](C3)C#N)cc2C(F)(F)F)C1=O)(C(c1nncn1C)(F)F)F,0.3010299956639812
C[C@@](c1cccc(c1)N1Cc2c(cc(CN3CC(C3)OC)cc2C(F)(F)F)C1=O)(C(c1nncn1C)(F)F)F,0.3010299956639812
C[C@@](c1cccc(c1)N1Cc2c(cc(CN3CC(C3)C(F)F)cc2C(F)(F)F)C1=O)(C(c1nncn1C)(F)F)F,0.3010299956639812
C[C@@](c1cccc(c1)N1Cc2c(cc(cc2C(F)(F)F)C(N2CC(C2)C(F)F)=O)C1=O)(C(c1nncn1C)(F)F)F,2.813247300897605
C[C@@](c1cccc(c1)N1Cc2c(cc(cc2C(F)(F)F)C(N2CC[C@@H](C2)O)=O)C1=O)(C(c1nncn1C)(F)F)F,0.3010299956639812
C[C@@](c1cccc(c1)N1Cc2c(cc(CN3CC[C@H](C3)S(C)(=O)=O)cc2C(F)(F)F)C1=O)(C(c1nncn1C)(F)F)F,0.3010299956639812
C[C@@](c1cccc(c1)N1Cc2c(cc(CN3CC[C@@H](C3)S(C)(=O)=O)cc2C(F)(F)F)C1=O)(C(c1nncn1C)(F)F)F,0.3010299956639812
Cn1cnnc1CC1(COC1)c1cccc(c1)N1Cc2c(ccc(c2C2CC2)F)C1=O,2.302114376956201
Cn1cnnc1CC1(COC1)c1cccc(c1)N1Cc2c(cccc2C(F)(F)F)C1=O,0.3010299956639812
Cn1cnnc1CC1(COC1)c1cccc(c1)N1Cc2c(cc(CO)cc2C(F)(F)F)C1=O,0.3010299956639812
CC(c1cc2C(N(Cc2c(c1)C(F)(F)F)c1cccc(c1)C1(Cc2nncn2C)COC1)=O)O,0.3010299956639812
Cn1cnnc1CC1(COC1)c1cccc(c1)N1Cc2c(cc(cc2C(F)(F)F)C(c2ccccc2)O)C1=O,0.3010299956639812
Cn1cnnc1CC1(COC1)c1cccc(c1)N1Cc2c(cc(cc2C(F)(F)F)C(C(F)(F)F)O)C1=O,0.3010299956639812
Cn1cnnc1CC1(COC1)c1cccc(c1)N1Cc2c(cc(cc2C(F)(F)F)C2CCC2)C1=O,0.3010299956639812
Cn1cnnc1CC1(COC1)c1cccc(c1)N1Cc2c(cc(cc2C(F)(F)F)C2CCOC2)C1=O,0.3010299956639812
Cn1cnnc1CC1(COC1)c1cccc(c1)N1Cc2c(cc(cc2C(F)(F)F)C2CCCOC2)C1=O,0.3010299956639812
Cn1cnnc1CC1(COC1)c1cccc(c1)N1Cc2c(cc(CC3CCCO3)cc2C(F)(F)F)C1=O,0.3010299956639812
Cn1cnnc1CC1(COC1)c1cccc(c1)N1Cc2c(cc(cc2C(F)(F)F)C(CO)(F)F)C1=O,0.3010299956639812
Cn1cnnc1CC1(COC1)c1cccc(c1)N1Cc2c(cc(cc2C(F)(F)F)C(C(O)=O)(F)F)C1=O,2.813247300897605
Cn1cnnc1CC1(COC1)c1cccc(c1)N1Cc2c(cc(cc2C(F)(F)F)C2COCC=2)C1=O,0.3010299956639812
Cn1cnnc1CC1(COC1)c1cccc(c1)N1Cc2c(cc(cc2C(F)(F)F)C2COCCC=2)C1=O,0.3010299956639812
CC1=C(CCO1)c1cc2C(N(Cc2c(c1)C(F)(F)F)c1cccc(c1)C1(Cc2nncn2C)COC1)=O,0.3010299956639812
C[C@H]1C=CCN1Cc1cc2C(N(Cc2c(c1)C(F)(F)F)c1cccc(c1)C1(Cc2nncn2C)COC1)=O,0.3010299956639812
Cn1cnnc1CC1(COC1)c1cccc(c1)N1Cc2c(cc(CN3Cc4ccccc4C3)cc2C(F)(F)F)C1=O,0.3010299956639812
Cn1cnnc1CC1(COC1)c1cccc(c1)N1Cc2c(cc(CN3Cc4ccc(cc4C3)[Cl])cc2C(F)(F)F)C1=O,0.3010299956639812
Cn1cnnc1CC1(COC1)c1cccc(c1)N1Cc2c(cc(CN3Cc4ccc(cc4C3)F)cc2C(F)(F)F)C1=O,0.3010299956639812
Cn1cnnc1CC1(COC1)c1cccc(c1)N1Cc2c(cc(CN3Cc4cccc(c4C3)[Cl])cc2C(F)(F)F)C1=O,0.3010299956639812
Cn1cnnc1CC1(COC1)c1cccc(c1)N1Cc2c(cc(CN3Cc4cccc(c4C3)F)cc2C(F)(F)F)C1=O,0.3010299956639812
Cn1cnnc1CC1(COC1)c1cccc(c1)N1Cc2c(cc(CN3Cc4cccc(C#N)c4C3)cc2C(F)(F)F)C1=O,0.3010299956639812
Cn1cnnc1CC1(COC1)c1cccc(c1)N1Cc2c(cc(CN3Cc4cccc(c4C3)OC)cc2C(F)(F)F)C1=O,0.3010299956639812
Cn1cnnc1CC1(COC1)c1cccc(c1)N1Cc2c(cc(CN3Cc4ccc(cc4C3)OC)cc2C(F)(F)F)C1=O,0.3010299956639812
CC1CN(C1)c1cc2C(N(Cc2c(c1)C(F)(F)F)c1cccc(c1)C1(Cc2nncn2C)COC1)=O,0.3010299956639812
CC1CN(C1C)c1cc2C(N(Cc2c(c1)C(F)(F)F)c1cccc(c1)C1(Cc2nncn2C)COC1)=O,0.3010299956639812
Cn1cnnc1CC1(COC1)c1cccc(c1)N1Cc2c(cc(cc2C(F)(F)F)N2CC(C2)C(F)F)C1=O,0.3010299956639812
Cn1cnnc1CC1(COC1)c1cccc(c1)N1Cc2c(cc(cc2C(F)(F)F)N2CC(C2)C(F)(F)F)C1=O,0.3010299956639812
Cn1cnnc1CC1(COC1)c1cccc(c1)N1Cc2c(cc(cc2C(F)(F)F)N2CCC(C2)C(F)F)C1=O,0.3010299956639812
C[C@H]1CN(C)CCN1c1cc2C(N(Cc2c(c1)C(F)(F)F)c1cccc(c1)C1(Cc2nncn2C)COC1)=O,0.3010299956639812
C[C@@H]1CN(C)CCN1c1cc2C(N(Cc2c(c1)C(F)(F)F)c1cccc(c1)C1(Cc2nncn2C)COC1)=O,0.3010299956639812
Cn1cnnc1CC1(COC1)c1cccc(c1)N1Cc2c(cc(cc2C(F)(F)F)N2CC3(CCC3(F)F)C2)C1=O,0.3010299956639812
Cn1cnnc1CC1(COC1)c1cccc(c1)N1Cc2c(cc(cc2C(F)(F)F)N2CC3(CC(C3)(F)F)C2)C1=O,0.3010299956639812
Cn1cnnc1CC1(COC1)c1cccc(c1)N1Cc2c(cc(cc2C(F)(F)F)N2CCOCC2)C1=O,0.3010299956639812
CN1CCN(C(C1)=O)c1cc2C(N(Cc2c(c1)C(F)(F)F)c1cccc(c1)C1(Cc2nncn2C)COC1)=O,0.3010299956639812
Cn1cnnc1CC1(COC1)c1cccc(c1)N1Cc2c(cc(cc2C(F)(F)F)N2CCNC3(CC3)C2)C1=O,0.3010299956639812
CN1CCN(CC12CC2)c1cc2C(N(Cc2c(c1)C(F)(F)F)c1cccc(c1)C1(Cc2nncn2C)COC1)=O,0.3010299956639812
Cn1cnnc1CC1(COC1)c1cccc(c1)N1Cc2c(cc(CN3CC(C3)F)cc2C(F)(F)F)C1=O,0.3010299956639812
C[C@H](c1cc2C(N(Cc2c(c1)C(F)(F)F)c1cccc(c1)C1(Cc2nncn2C)COC1)=O)N1CC(C1)F,0.3010299956639812
C[C@@H](c1cc2C(N(Cc2c(c1)C(F)(F)F)c1cccc(c1)C1(Cc2nncn2C)COC1)=O)N1CC(C1)F,0.3010299956639812
CC1(CN(Cc2cc3C(N(Cc3c(c2)C(F)(F)F)c2cccc(c2)C2(Cc3nncn3C)COC2)=O)C1)F,0.3010299956639812
C[C@@H](c1cc2C(N(Cc2c(c1)C(F)(F)F)c1cccc(c1)C1(Cc2nncn2C)COC1)=O)N1CC(C)(C1)F,0.3010299956639812
C[C@H](c1cc2C(N(Cc2c(c1)C(F)(F)F)c1cccc(c1)C1(Cc2nncn2C)COC1)=O)N1CC(C)(C1)F,0.3010299956639812
CC1(C)[C@H](CN1Cc1cc2C(N(Cc2c(c1)C(F)(F)F)c1cccc(c1)C1(Cc2nncn2C)COC1)=O)F,0.3010299956639812
Cn1cnnc1CC1(COC1)c1cccc(c1)N1Cc2c(cc(CN3CC[C@@H](C3)F)cc2C(F)(F)F)C1=O,0.3010299956639812
C[C@@H](c1cc2C(N(Cc2c(c1)C(F)(F)F)c1cccc(c1)C1(Cc2nncn2C)COC1)=O)N1CC[C@@H](C1)F,0.3010299956639812
C[C@H](c1cc2C(N(Cc2c(c1)C(F)(F)F)c1cccc(c1)C1(Cc2nncn2C)COC1)=O)N1CC[C@@H](C1)F,0.3010299956639812
CC[C@@H](c1cc2C(N(Cc2c(c1)C(F)(F)F)c1cccc(c1)C1(Cc2nncn2C)COC1)=O)N1CC[C@@H](C1)F,0.3010299956639812
CC[C@H](c1cc2C(N(Cc2c(c1)C(F)(F)F)c1cccc(c1)C1(Cc2nncn2C)COC1)=O)N1CC[C@@H](C1)F,0.3010299956639812
Cn1cnnc1CC1(COC1)c1cccc(c1)N1Cc2c(cc(CN3C[C@@H]([C@@H](C3)F)F)cc2C(F)(F)F)C1=O,0.3010299956639812
CC1(CCN(Cc2cc3C(N(Cc3c(c2)C(F)(F)F)c2cccc(c2)C2(Cc3nncn3C)COC2)=O)C1)F,0.3010299956639812
Cn1cnnc1CC1(COC1)c1cccc(c1)N1Cc2c(cc(CN3CCC(C3)(F)F)cc2C(F)(F)F)C1=O,0.3010299956639812
C[C@H](c1cc2C(N(Cc2c(c1)C(F)(F)F)c1cccc(c1)C1(Cc2nncn2C)COC1)=O)N1CCC(C1)(F)F,0.3010299956639812
C[C@@H](c1cc2C(N(Cc2c(c1)C(F)(F)F)c1cccc(c1)C1(Cc2nncn2C)COC1)=O)N1CCC(C1)(F)F,0.3010299956639812
Cn1cnnc1CC1(COC1)c1cccc(c1)N1Cc2c(cc(cc2C(F)(F)F)C(C(F)(F)F)N2CCCC2)C1=O,0.3010299956639812
Cn1cnnc1CC1(COC1)c1cccc(c1)N1Cc2c(cc(CN3CCC[C@@H](C3)F)cc2C(F)(F)F)C1=O,0.3010299956639812
Cn1cnnc1CC1(COC1)c1cccc(c1)N1Cc2c(cc(CN3CCC[C@H](C3)F)cc2C(F)(F)F)C1=O,0.3010299956639812
C[C@@H]1CCN(Cc2cc3C(N(Cc3c(c2)C(F)(F)F)c2cccc(c2)C2(Cc3nncn3C)COC2)=O)C[C@@H]1F,0.3010299956639812
C[C@@H]1CCN(Cc2cc3C(N(Cc3c(c2)C(F)(F)F)c2cccc(c2)C2(Cc3nncn3C)COC2)=O)C[C@@H]1F,0.3010299956639812
C[C@H]1CCN(Cc2cc3C(N(Cc3c(c2)C(F)(F)F)c2cccc(c2)C2(Cc3nncn3C)COC2)=O)C[C@@H]1F,0.3010299956639812
Cn1cnnc1CC1(COC1)c1cccc(c1)N1Cc2c(cc(CN3CC[C@H]([C@H](C3)F)F)cc2C(F)(F)F)C1=O,0.3010299956639812
Cn1cnnc1CC1(COC1)c1cccc(c1)N1Cc2c(cc(CN3CC[C@@H]([C@H](C3)F)F)cc2C(F)(F)F)C1=O,0.3010299956639812
Cn1cnnc1CC1(COC1)c1cccc(c1)N1Cc2c(cc(CN3CC[C@@H]([C@H](C3)F)F)cc2C(F)(F)F)C1=O,0.3010299956639812
Cn1cnnc1CC1(COC1)c1cccc(c1)N1Cc2c(cc(CN3CCCCC(C3)F)cc2C(F)(F)F)C1=O,0.3010299956639812
Cn1cnnc1CC1(COC1)c1cccc(c1)N1Cc2c(cc(CN3CCCC(C3)(F)F)cc2C(F)(F)F)C1=O,0.3010299956639812
CC1CCN(Cc2cc3C(N(Cc3c(c2)C(F)(F)F)c2cccc(c2)C2(Cc3nncn3C)COC2)=O)CC1(F)F,0.3010299956639812
Cn1cnnc1CC1(COC1)c1cccc(c1)N1Cc2c(cc(CN3CC[C@@H](CO)C(C3)(F)F)cc2C(F)(F)F)C1=O,0.3010299956639812
Cn1cnnc1CC1(COC1)c1cccc(c1)N1Cc2c(cc(CN3CC[C@H](CO)C(C3)(F)F)cc2C(F)(F)F)C1=O,0.3010299956639812
Cn1cnnc1CC1(COC1)c1cccc(c1)N1Cc2c(cc(CN3CCC(CC3)C(F)F)cc2C(F)(F)F)C1=O,0.3010299956639812
Cn1cnnc1CC1(COC1)c1cccc(c1)N1Cc2c(cc(CN3CC[C@H]([C@H](C3)F)OC)cc2C(F)(F)F)C1=O,0.3010299956639812
CN1CCN(CC1)Cc1cc2C(N(Cc2c(c1)C(F)(F)F)c1cccc(c1)C1(Cc2nncn2C)COC1)=O,0.3010299956639812
CCN1CCN(CC1)Cc1cc2C(N(Cc2c(c1)C(F)(F)F)c1cccc(c1)C1(Cc2nncn2C)COC1)=O,0.3010299956639812
Cn1cnnc1CC1(COC1)c1cccc(c1)N1Cc2c(cc(CN3CCC(CC3)OC)cc2C(F)(F)F)C1=O,0.3010299956639812
Cn1cnnc1CC1(COC1)c1cccc(c1)N1Cc2c(cc(CN3CC[C@@H](C3)c3ccccc3)cc2C(F)(F)F)C1=O,0.3010299956639812
Cn1cnnc1CC1(COC1)c1cccc(c1)N1Cc2c(cc(CN3CC[C@H](C3)c3ccccc3)cc2C(F)(F)F)C1=O,0.3010299956639812
Cn1cnnc1CC1(COC1)c1cccc(c1)N1Cc2c(cc(CN3CCC(CC3)F)cc2C(F)(F)F)C1=O,0.3010299956639812
CC1(CCN(CC1)Cc1cc2C(N(Cc2c(c1)C(F)(F)F)c1cccc(c1)C1(Cc2nncn2C)COC1)=O)F,0.3010299956639812
C[C@@H](c1cc2C(N(Cc2c(c1)C(F)(F)F)c1cccc(c1)C1(Cc2nncn2C)COC1)=O)N1CCC(C)(CC1)F,0.3010299956639812
C[C@H](c1cc2C(N(Cc2c(c1)C(F)(F)F)c1cccc(c1)C1(Cc2nncn2C)COC1)=O)N1CCC(C)(CC1)F,0.3010299956639812
Cn1cnnc1CC1(COC1)c1cccc(c1)N1Cc2c(cc(CN3CCC(CC3)(F)F)cc2C(F)(F)F)C1=O,0.3010299956639812
Cn1cnnc1CC1(COC1)c1cccc(c1)N1Cc2c(cc(CN3CCCC(CC3)(F)F)cc2C(F)(F)F)C1=O,0.3010299956639812
Cn1cnnc1CC1(COC1)c1cccc(c1)N1Cc2c(cc(CN3CCC(C(C3)O)(F)F)cc2C(F)(F)F)C1=O,0.3010299956639812
CC1C(CCN1Cc1cc2C(N(Cc2c(c1)C(F)(F)F)c1cccc(c1)C1(Cc2nncn2C)COC1)=O)C(F)(F)F,0.3010299956639812
Cn1cnnc1CC1(COC1)c1cccc(c1)N1Cc2c(cc(CN3CC(C3)C#N)cc2C(F)(F)F)C1=O,0.3010299956639812
CC1(CN(Cc2cc3C(N(Cc3c(c2)C(F)(F)F)c2cccc(c2)C2(Cc3nncn3C)COC2)=O)C1)C#N,0.3010299956639812
Cn1cnnc1CC1(COC1)c1cccc(c1)N1Cc2c(cc(CN3CC[C@H](C3)C#N)cc2C(F)(F)F)C1=O,0.3010299956639812
Cn1cnnc1CC1(COC1)c1cccc(c1)N1Cc2c(cc(CN3CC[C@@H](C3)C#N)cc2C(F)(F)F)C1=O,0.3010299956639812
Cn1cnnc1CC1(COC1)c1cccc(c1)N1Cc2c(cc(CN3CCC(CC3)C#N)cc2C(F)(F)F)C1=O,0.3010299956639812
CC1(CCN(CC1)Cc1cc2C(N(Cc2c(c1)C(F)(F)F)c1cccc(c1)C1(Cc2nncn2C)COC1)=O)C#N,0.3010299956639812
Cn1cnnc1CC1(COC1)c1cccc(c1)N1Cc2c(cc(CN3CCCC3=O)cc2C(F)(F)F)C1=O,0.3010299956639812
Cn1cnnc1CC1(COC1)c1cccc(c1)N1Cc2c(cc(CN3CC4(CC4)C3)cc2C(F)(F)F)C1=O,0.3010299956639812
Cn1cnnc1CC1(COC1)c1cccc(c1)N1Cc2c(cc(CN3CCC4(CC4)C3)cc2C(F)(F)F)C1=O,0.3010299956639812
CC(c1nncn1C)C1(COC1)c1cccc(c1)N1Cc2c(cc(CN3CCC4(CC4)C3)cc2C(F)(F)F)C1=O,2.813247300897605
Cn1cnnc1C[C@]1(CCOC1)c1cccc(c1)N1Cc2c(cc(CN3CCC4(CC4)C3)cc2C(F)(F)F)C1=O,0.3010299956639812
Cn1cnnc1C[C@@]1(CCOC1)c1cccc(c1)N1Cc2c(cc(CN3CCC4(CC4)C3)cc2C(F)(F)F)C1=O,0.3010299956639812
Cn1cnnc1CC1(COC1)c1cccc(c1)N1Cc2c(cc(CN3CCC4(CC3)CC4)cc2C(F)(F)F)C1=O,0.3010299956639812
C[C@@H](c1cc2C(N(Cc2c(c1)C(F)(F)F)c1cccc(c1)C1(Cc2nncn2C)COC1)=O)N1CCC2(CC1)CC2,0.3010299956639812
C[C@H](c1cc2C(N(Cc2c(c1)C(F)(F)F)c1cccc(c1)C1(Cc2nncn2C)COC1)=O)N1CCC2(CC1)CC2,0.3010299956639812
Cn1cnnc1CC1(COC1)c1cccc(c1)N1Cc2c(cc(CN3CCC4(CC4)C(C3)(F)F)cc2C(F)(F)F)C1=O,0.3010299956639812
Cn1cnnc1CC1(CCC1)c1cccc(c1)N1Cc2c(cc(CN3CCC4(CC4)C3)cc2C(F)(F)F)C1=O,0.3010299956639812
Cn1cnnc1CC1(COC1)c1cccc(c1)N1Cc2c(cc(CN3C[C@H]4C[C@H]4C3)cc2C(F)(F)F)C1=O,0.3010299956639812
C[C@@H](c1cc2C(N(Cc2c(c1)C(F)(F)F)c1cccc(c1)C1(Cc2nncn2C)COC1)=O)N1CC2CC2C1,0.3010299956639812
C[C@H](c1cc2C(N(Cc2c(c1)C(F)(F)F)c1cccc(c1)C1(Cc2nncn2C)COC1)=O)N1CC2CC2C1,0.3010299956639812
CC12CC2CN(Cc2cc3C(N(Cc3c(c2)C(F)(F)F)c2cccc(c2)C2(Cc3nncn3C)COC2)=O)C1,0.3010299956639812
Cn1cnnc1CC1(COC1)c1cccc(c1)N1Cc2c(cc(CN3CC4C(C3)C4(F)F)cc2C(F)(F)F)C1=O,0.3010299956639812
Cn1cnnc1CC1(COC1)c1cccc(c1)N1Cc2c(cc(CN3CCC4CC4C3)cc2C(F)(F)F)C1=O,0.3010299956639812
Cn1cnnc1CC1(COC1)c1cccc(c1)N1Cc2c(cc(CN3CC4CC(C3)C4(F)F)cc2C(F)(F)F)C1=O,0.3010299956639812
Cn1cnnc1CC1(COC1)c1cccc(c1)N1Cc2c(cc(CN3CCOCC3)cc2C(F)(F)F)C1=O,0.3010299956639812
C[C@H]1CN(CCO1)Cc1cc2C(N(Cc2c(c1)C(F)(F)F)c1cccc(c1)C1(Cc2nncn2C)COC1)=O,0.3010299956639812
C[C@@H]1CN(CCO1)Cc1cc2C(N(Cc2c(c1)C(F)(F)F)c1cccc(c1)C1(Cc2nncn2C)COC1)=O,0.3010299956639812
C[C@H]1CN(Cc2cc3C(N(Cc3c(c2)C(F)(F)F)c2cccc(c2)C2(Cc3nncn3C)COC2)=O)C[C@@H](C)O1,0.3010299956639812
CC1(C)CN(CCO1)Cc1cc2C(N(Cc2c(c1)C(F)(F)F)c1cccc(c1)C1(Cc2nncn2C)COC1)=O,0.3010299956639812
Cn1cnnc1CC1(COC1)c1cccc(c1)N1Cc2c(cc(CN3CCCC(C3)OC)cc2C(F)(F)F)C1=O,0.3010299956639812
CCOC1CCCN(C1)Cc1cc2C(N(Cc2c(c1)C(F)(F)F)c1cccc(c1)C1(Cc2nncn2C)COC1)=O,0.3010299956639812
CC(C)C1CN(CCO1)Cc1cc2C(N(Cc2c(c1)C(F)(F)F)c1cccc(c1)C1(Cc2nncn2C)COC1)=O,0.3010299956639812
Cn1cnnc1CC1(COC1)c1cccc(c1)N1Cc2c(cc(CN3CCOC(C3)C3CC3)cc2C(F)(F)F)C1=O,0.3010299956639812
Cn1cnnc1CC1(COC1)c1cccc(c1)N1Cc2c(cc(CN3CCOC(C3)C3CCC3)cc2C(F)(F)F)C1=O,0.3010299956639812
Cn1cnnc1CC1(COC1)c1cccc(c1)N1Cc2c(cc(CN3CCOC(CCO)C3)cc2C(F)(F)F)C1=O,0.3010299956639812
Cn1cnnc1CC1(COC1)c1cccc(c1)N1Cc2c(cc(CN3CCOC(C3)CF)cc2C(F)(F)F)C1=O,0.3010299956639812
Cn1cnnc1CC1(COC1)c1cccc(c1)N1Cc2c(cc(CN3CCOC(C3)C(F)F)cc2C(F)(F)F)C1=O,0.3010299956639812
Cn1cnnc1CC1(COC1)c1cccc(c1)N1Cc2c(cc(CN3CCO[C@@H](C3)C(F)(F)F)cc2C(F)(F)F)C1=O,0.3010299956639812
Cn1cnnc1CC1(COC1)c1cccc(c1)N1Cc2c(cc(CN3CCOC(CCF)C3)cc2C(F)(F)F)C1=O,0.3010299956639812
Cn1cnnc1CC1(COC1)c1cccc(c1)N1Cc2c(cc(CN3CCOC(CC(F)(F)F)C3)cc2C(F)(F)F)C1=O,0.3010299956639812
Cn1cnnc1CC1(COC1)c1cccc(c1)N1Cc2c(cc(CN3CCO[C@@H](C3)CO)cc2C(F)(F)F)C1=O,0.3010299956639812
Cn1cnnc1CC1(COC1)c1cccc(c1)N1Cc2c(cc(CN3CCO[C@@H](C3)COC)cc2C(F)(F)F)C1=O,0.3010299956639812
Cn1cnnc1CC1(COC1)c1cccc(c1)N1Cc2c(cc(CN3CCS(CC3)(=O)=O)cc2C(F)(F)F)C1=O,0.3010299956639812
CC(c1cc2C(N(Cc2c(c1)C(F)(F)F)c1cccc(c1)C1(Cc2nncn2C)COC1)=O)N1CC(C1)S(C)(=O)=O,0.3010299956639812
Cn1cnnc1CC1(COC1)c1cccc(c1)N1Cc2c(cc(CN3CC(C3)C(O)=O)cc2C(F)(F)F)C1=O,0.3010299956639812
Cn1cnnc1CC1(COC1)c1cccc(c1)N1Cc2c(cc(CC3CNCCC3=O)cc2C(F)(F)F)C1=O,0.3010299956639812
CN1CCC(C(Cc2cc3C(N(Cc3c(c2)C(F)(F)F)c2cccc(c2)C2(Cc3nncn3C)COC2)=O)C1)=O,0.3010299956639812
CN1CC[C@@H]([C@H](Cc2cc3C(N(Cc3c(c2)C(F)(F)F)c2cccc(c2)C2(Cc3nncn3C)COC2)=O)C1)O,0.3010299956639812
CN1CC[C@@H]([C@@H](Cc2cc3C(N(Cc3c(c2)C(F)(F)F)c2cccc(c2)C2(Cc3nncn3C)COC2)=O)C1)O,0.3010299956639812
Cn1cnnc1[C@H](C1(COC1)c1cccc(c1)N1Cc2c(cc(CN3CCCC3)cc2C(F)(F)F)C1=O)F,0.3010299956639812
Cn1cnnc1[C@@H](C1(COC1)c1cccc(c1)N1Cc2c(cc(CN3CCCC3)cc2C(F)(F)F)C1=O)F,0.3010299956639812
Cn1cnnc1[C@H](C1(COC1)c1cccc(c1)N1Cc2c(cc(CN3CCCCC3)cc2C(F)(F)F)C1=O)F,0.3010299956639812
Cn1cnnc1[C@@H](C1(COC1)c1cccc(c1)N1Cc2c(cc(CN3CCCCC3)cc2C(F)(F)F)C1=O)F,0.3010299956639812
Cn1cnnc1[C@H](C1(COC1)c1cccc(c1)N1Cc2c(cc(CN3CCC(CC3)F)cc2C(F)(F)F)C1=O)F,0.3010299956639812
Cn1cnnc1[C@@H](C1(COC1)c1cccc(c1)N1Cc2c(cc(CN3CCC(CC3)F)cc2C(F)(F)F)C1=O)F,0.3010299956639812
Cn1cnnc1C(C1(COC1)c1cccc(c1)N1Cc2c(cc(CN3CC(C3)F)cc2C(F)(F)F)C1=O)(F)F,0.3010299956639812
C[C@@H](c1cc2C(N(Cc2c(c1)C(F)(F)F)c1cccc(c1)C1(COC1)C(c1nncn1C)(F)F)=O)N1CC[C@@H](C1)F,0.3010299956639812
C[C@H](c1cc2C(N(Cc2c(c1)C(F)(F)F)c1cccc(c1)C1(COC1)C(c1nncn1C)(F)F)=O)N1CC[C@@H](C1)F,0.3010299956639812
CC(c1cc2C(N(Cc2c(c1)C(F)(F)F)c1cccc(c1)C1(COC1)C(c1nncn1C)(F)F)=O)N1CC[C@@H](C1)F,0.3010299956639812
Cn1cnnc1[C@H](C1(COC1)c1cccc(c1)N1Cc2c(cc(CN3CCC4(CC4)C3)cc2C(F)(F)F)C1=O)F,0.3010299956639812
C[C@@H](c1cc2C(N(Cc2c(c1)C(F)(F)F)c1cccc(c1)C1(COC1)[C@@H](c1nncn1C)F)=O)N1CCC2(CC2)C1,0.3010299956639812
C[C@@H](c1cc2C(N(Cc2c(c1)C(F)(F)F)c1cccc(c1)C1(COC1)[C@@H](c1nncn1C)F)=O)N1CCC2(CC2)C1,0.3010299956639812
C[C@H](c1cc2C(N(Cc2c(c1)C(F)(F)F)c1cccc(c1)C1(COC1)[C@@H](c1nncn1C)F)=O)N1CCC2(CC2)C1,0.3010299956639812
C[C@H](c1cc2C(N(Cc2c(c1)C(F)(F)F)c1cccc(c1)C1(COC1)[C@@H](c1nncn1C)F)=O)N1CCC2(CC2)C1,0.3010299956639812
Cn1cnnc1CC1(COC1)c1cccc(c1)N1Cc2c(cc(CN3CC[C@@H](C3)F)cc2C1=O)C1CC1,0.3010299956639812
Cn1cnnc1CC1(COC1)c1cccc(c1)N1Cc2c(cc(CN3CCC(CC3)F)cc2C1=O)C1CC1,0.3010299956639812
Cn1cnnc1CC1(COC1)c1cccc(c1)N1Cc2c(cc(CN3CCCC34COC4)cc2C(F)(F)F)C1=O,0.3010299956639812
Cn1cnnc1CC1(COC1)c1cccc(c1)N1Cc2c(cc(CN3CCOC4(CC4)C3)cc2C(F)(F)F)C1=O,0.3010299956639812
Cn1cnnc1CC1(COC1)c1cccc(c1)N1Cc2c(cc(CN3CCOC4(CCC4)C3)cc2C(F)(F)F)C1=O,0.3010299956639812
Cn1cnnc1CC1(COC1)c1cccc(c1)N1Cc2c(cc(CN3CCOC4(CCOC4)C3)cc2C(F)(F)F)C1=O,0.3010299956639812
CCOc1cc(cc(c1)N1Cc2c(cc(CN3CC[C@@H](C3)F)cc2C(F)(F)F)C1=O)C1(Cc2nncn2C)COC1,0.3010299956639812
CCOc1cc(cc(c1)N1Cc2c(cc(cc2C(F)(F)F)[C@H](C)N2CC[C@@H](C2)F)C1=O)C1(Cc2nncn2C)COC1,0.3010299956639812
CCOc1cc(cc(c1)N1Cc2c(cc(cc2C(F)(F)F)[C@@H](C)N2CC[C@@H](C2)F)C1=O)C1(Cc2nncn2C)COC1,0.3010299956639812
Cn1cnnc1CC1(COC1)c1cccc(c1)N1Cc2c(cc(CN3CC[C@H]4[C@H](CCO4)C3)cc2C(F)(F)F)C1=O,0.3010299956639812
Cn1cnnc1CC1(COC1)c1cccc(c1)N1Cc2c(cc(CN3CCc4cnccc4C3)cc2C(F)(F)F)C1=O,0.3010299956639812
Cn1cnnc1CC1(COC1)c1cccc(c1)N1Cc2c(cc(CN3CCc4ccncc4C3)cc2C(F)(F)F)C1=O,0.3010299956639812
Cn1cnnc1CC1(COC1)c1cccc(c1)N1Cc2c(cc(CN3CCc4ccccc4C3)cc2C(F)(F)F)C1=O,0.3010299956639812
Cn1cnnc1CC1(COC1)c1cccc(c1)N1Cc2c(cc(CN3CCc4cc(C#N)ccc4C3)cc2C(F)(F)F)C1=O,0.3010299956639812
Cn1cnnc1CC1(COC1)c1cccc(c1)N1Cc2c(cc(CN3CCc4ccc(cc4C3)OC)cc2C(F)(F)F)C1=O,0.3010299956639812
Cn1cnnc1CC1(COC1)c1cccc(c1)N1Cc2c(cc(CN3CC[C@@H]4C[C@H]34)cc2C(F)(F)F)C1=O,0.3010299956639812
Cn1cnnc1CC1(COC1)c1cccc(c1)N1Cc2c(cc(CN3CC[C@@H]4C[C@H]34)cc2C(F)(F)F)C1=O,0.3010299956639812
Cn1cnnc1CC1(COC1)c1cccc(c1)N1Cc2c(cc(CN3CCCC4CC34)cc2C(F)(F)F)C1=O,0.3010299956639812
CC(c1cc2C(N(Cc2c(c1)C(F)(F)F)c1cccc(c1)C1(Cc2nncn2C)COC1)=O)n1ccnc1,0.3010299956639812
Cn1cnnc1CC1(COC1)c1cccc(c1)N1Cc2c(cc(cc2C(F)(F)F)N2CCN3CCC[C@@H]3C2)C1=O,0.3010299956639812
Cn1cnnc1CC1(COC1)c1cccc(c1)N1Cc2c(cc(cc2C(F)(F)F)N2CCN3CCC[C@H]3C2)C1=O,0.3010299956639812
Cn1cnnc1CC1(COC1)c1cccc(c1)N1Cc2c(cc(CN3CCN4C(CCC4=O)C3)cc2C(F)(F)F)C1=O,0.3010299956639812
Cn1cnnc1CC1(COC1)c1cccc(c1)N1Cc2c(cc(cc2C(F)(F)F)OC2CC2)C1=O,0.3010299956639812
Cn1cnnc1CC1(COC1)c1cccc(c1)N1Cc2c(cc(cc2C(F)(F)F)OC2CNC2)C1=O,0.3010299956639812
Cn1cnnc1CC1(COC1)c1cccc(c1)N1Cc2c(cc(cc2C(F)(F)F)OC(F)F)C1=O,0.3010299956639812
Cn1cnnc1CC1(COC1)c1cccc(c1)N1Cc2c(cc(CN3CC[C@@H]4[C@H](C3)OCCN4)cc2C(F)(F)F)C1=O,0.3010299956639812
Cn1cnnc1CC1(COC1)c1cccc(c1)N1Cc2c(cc(cc2C(F)(F)F)N2CCOC2=O)C1=O,0.3010299956639812
Cn1cnnc1CC1(COC1)c1cccc(c1)N1Cc2c(cc(CN3Cc4cccnc4C3)cc2C(F)(F)F)C1=O,0.3010299956639812
Cn1cnnc1CC1(COC1)c1cccc(c1)N1Cc2c(cc(CN3CCc4c(C3)cccn4)cc2C(F)(F)F)C1=O,0.3010299956639812
Cn1cnnc1CC1(COC1)c1cccc(c1)N1Cc2c(cc(CN3CCc4cccnc4C3)cc2C(F)(F)F)C1=O,0.3010299956639812
Cn1cnnc1CC1(COC1)c1cccc(c1)N1Cc2c(cc(CN3C4CCC3CC4)cc2C(F)(F)F)C1=O,0.3010299956639812
Cn1cnnc1CC1(COC1)c1cccc(c1)N1Cc2c(cc(CN3C4CCCC3CC4)cc2C(F)(F)F)C1=O,0.3010299956639812
Cn1cnnc1CC1(COC1)c1cccc(c1)N1Cc2c(cc(CN3[C@H]4CC[C@@H]3CC(C4)F)cc2C(F)(F)F)C1=O,0.3010299956639812
Cn1cnnc1[C@H](C1(COC1)c1cccc(c1)N1Cc2c(cc(CN3C4CCC3CC4)cc2C(F)(F)F)C1=O)F,0.3010299956639812
Cn1cnnc1[C@@H](C1(COC1)c1cccc(c1)N1Cc2c(cc(CN3C4CCC3CC4)cc2C(F)(F)F)C1=O)F,0.3010299956639812
Cn1cnnc1[C@H](C1(COC1)c1cccc(c1)N1Cc2c(cc(CN3C4CCCC3CC4)cc2C(F)(F)F)C1=O)F,0.3010299956639812
Cn1cnnc1[C@@H](C1(COC1)c1cccc(c1)N1Cc2c(cc(CN3C4CCCC3CC4)cc2C(F)(F)F)C1=O)F,0.3010299956639812
Cn1cnnc1[C@H](C1(COC1)c1cccc(c1)N1Cc2c(cc(CN3[C@H]4CC[C@@H]3CC(C4)F)cc2C(F)(F)F)C1=O)F,0.3010299956639812
Cn1cnnc1[C@H](C1(COC1)c1cccc(c1)N1Cc2c(cc(CN3[C@H]4CC[C@@H]3CC(C4)F)cc2C(F)(F)F)C1=O)F,0.3010299956639812
CN1C2CCC1CN(C2)c1cc2C(N(Cc2c(c1)C(F)(F)F)c1cccc(c1)C1(Cc2nncn2C)COC1)=O,0.3010299956639812
C[C@@](c1cccc(c1)N1Cc2c(cc(cc2C(F)(F)F)N2CC3CCC(C2)N3C)C1=O)(C(c1nncn1C)(F)F)F,0.3010299956639812
CN1CC2CCC(C1)N2c1cc2C(N(Cc2c(c1)C(F)(F)F)c1cccc(c1)C1(Cc2nncn2C)COC1)=O,0.3010299956639812
C[C@@](c1cccc(c1)N1Cc2c(cc(cc2C(F)(F)F)N2C3CCC2CN(C)C3)C1=O)(C(c1nncn1C)(F)F)F,0.3010299956639812
Cn1cnnc1CC1(COC1)c1cccc(c1)N1Cc2c(cc(cc2C(F)(F)F)C2=CN3CCC2CC3)C1=O,2.302114376956201
Cn1cnnc1CC1(COC1)c1cccc(c1)N1Cc2c(cc(cc2C(F)(F)F)[C@H]2CN3CCC2CC3)C1=O,0.3010299956639812
Cn1cnnc1CC1(COC1)c1cccc(c1)N1Cc2c(cc(CN3CC4CC3CO4)cc2C(F)(F)F)C1=O,0.3010299956639812
CN1C[C@@H]2C[C@@H]1CN2c1cc2C(N(Cc2c(c1)C(F)(F)F)c1cccc(c1)C1(Cc2nncn2C)COC1)=O,0.3010299956639812
C[C@@](c1cccc(c1)N1Cc2c(cc(cc2C(F)(F)F)N2C3CC2CN(C)C3)C1=O)(C(c1nncn1C)(F)F)F,0.3010299956639812
C[C@@](c1cccc(c1)N1Cc2c(cc(cc2C(F)(F)F)N2C[C@@H]3C[C@@H]2CN3C)C1=O)(C(c1nncn1C)(F)F)F,0.3010299956639812
C[C@@](c1cccc(c1)N1Cc2c(cc(cc2C(F)(F)F)N2C[C@H]3C[C@H]2CN3C)C1=O)(C(c1nncn1C)(F)F)F,0.3010299956639812
CN1CC2CCC1CN2c1cc2C(N(Cc2c(c1)C(F)(F)F)c1cccc(c1)C1(Cc2nncn2C)COC1)=O,0.3010299956639812
C[C@@](c1cccc(c1)N1Cc2c(cc(cc2C(F)(F)F)N2CC3CCC2CN3C)C1=O)(C(c1nncn1C)(F)F)F,0.3010299956639812
C[C@H](Cc1nncn1C)c1cc(NC)nc(c1)N1Cc2c(cccc2C(F)(F)F)C1=O,0.3010299956639812
CCNc1cc(cc(n1)N1Cc2c(cccc2C(F)(F)F)C1=O)[C@H](C)Cc1nncn1C,0.3010299956639812
CC(C)Nc1cc(cc(n1)N1Cc2c(cccc2C(F)(F)F)C1=O)[C@H](C)Cc1nncn1C,0.3010299956639812
C[C@H](Cc1nncn1C)c1cc(NCCO)nc(c1)N1Cc2c(cccc2C(F)(F)F)C1=O,2.302114376956201
C[C@@H](CO)Nc1cc(cc(n1)N1Cc2c(cccc2C(F)(F)F)C1=O)[C@H](C)Cc1nncn1C,2.302114376956201
C[C@@H](Cc1nncn1C)c1cc(N[C@@H](C)CO)nc(c1)N1Cc2c(cccc2C(F)(F)F)C1=O,2.302114376956201
C[C@@H](CNc1cc(cc(n1)N1Cc2c(cccc2C(F)(F)F)C1=O)[C@H](C)Cc1nncn1C)O,2.813247300897605
C[C@H](Cc1nncn1C)c1cc(NC2CCC2)nc(c1)N1Cc2c(cccc2C(F)(F)F)C1=O,2.302114376956201
C[C@@H](Cc1nncn1C)c1cc(NC2COC2)nc(c1)N1Cc2c(cccc2C(F)(F)F)C1=O,0.3010299956639812
C[C@H](Cc1nncn1C)c1cc(NC2(C)COC2)nc(c1)N1Cc2c(cccc2C(F)(F)F)C1=O,2.813247300897605
C[C@H](Cc1nncn1C)c1cc(N[C@@H]2CC[C@@H]2O)nc(c1)N1Cc2c(cccc2C(F)(F)F)C1=O,2.813247300897605
C[C@@H](Cc1nncn1C)c1cc(N[C@@H]2CC[C@@H]2O)nc(c1)N1Cc2c(cccc2C(F)(F)F)C1=O,2.813247300897605
C[C@H](Cc1nncn1C)c1cc(N[C@H]2CCOC2)nc(c1)N1Cc2c(cccc2C(F)(F)F)C1=O,2.302114376956201
C[C@@H](Cc1nncn1C)c1cc(N[C@H]2CCOC2)nc(c1)N1Cc2c(cccc2C(F)(F)F)C1=O,2.813247300897605
C[C@H](Cc1nncn1C)c1cc(C2CC2)nc(c1)N1Cc2c(cccc2C(F)(F)F)C1=O,0.3010299956639812
C[C@H](Cc1nncn1C)c1cc(C2(C)CC2)nc(c1)N1Cc2c(cccc2C(F)(F)F)C1=O,2.813247300897605
C[C@H](Cc1nncn1C)c1ccnc(c1)N1Cc2c(cccc2C(F)(F)F)C1=O,2.813247300897605
C[C@@H](Cc1nncn1C)c1ccnc(c1)N1Cc2c(cccc2C(F)(F)F)C1=O,3.8129467626258653
C[C@H](Cc1nncn1C)c1cc(C2CCOC2)nc(c1)N1Cc2c(cccc2C(F)(F)F)C1=O,2.813247300897605
C[C@H](Cc1nncn1C)c1cc(C2CCOCC2)nc(c1)N1Cc2c(cccc2C(F)(F)F)C1=O,2.813247300897605
C[C@H](Cc1nncn1C)c1cc(C2CCOCC=2)nc(c1)N1Cc2c(cccc2C(F)(F)F)C1=O,2.813247300897605
CCOc1cc(cc(n1)N1Cc2c(cccc2C(F)(F)F)C1=O)[C@H](C)Cc1nncn1C,0.3010299956639812
CCCOc1cc(cc(n1)N1Cc2c(cccc2C(F)(F)F)C1=O)[C@H](C)Cc1nncn1C,2.813247300897605
C[C@H](Cc1nncn1C)c1cc(nc(c1)OCCO)N1Cc2c(cccc2C(F)(F)F)C1=O,2.813247300897605
C[C@H](Cc1nncn1C)c1cc(nc(c1)OCC(F)F)N1Cc2c(cccc2C(F)(F)F)C1=O,0.3010299956639812
C[C@H](Cc1nncn1C)c1cc(nc(c1)OC1COC1)N1Cc2c(cccc2C(F)(F)F)C1=O,2.302114376956201
CC1C(CO1)Oc1cc(cc(n1)N1Cc2c(cccc2C(F)(F)F)C1=O)[C@H](C)Cc1nncn1C,2.813247300897605
C[C@H](Cc1nncn1C)c1cc(c2cncs2)nc(c1)N1Cc2c(cccc2C(F)(F)F)C1=O,2.813247300897605
C[C@H](Cc1nncn1C)c1cccc(c1)N1Cc2c(cc(cc2C(F)(F)F)c2ccn[nH]2)C1=O,0.3010299956639812
Cc1c[nH]nc1c1cc2C(N(Cc2c(c1)C(F)(F)F)c1cccc(c1)[C@H](C)Cc1nncn1C)=O,0.3010299956639812
Cc1c(cn[nH]1)c1cc2C(N(Cc2c(c1)C(F)(F)F)c1cccc(c1)[C@H](C)Cc1nncn1C)=O,0.3010299956639812
Cc1c(c2cc3C(N(Cc3c(c2)C(F)(F)F)c2cccc(c2)[C@H](C)Cc2nncn2C)=O)c(C)[nH]n1,0.3010299956639812
Cc1c(c2cc3C(N(Cc3c(c2)C(F)(F)F)c2cccc(c2)C2(Cc3nncn3C)COC2)=O)c(C)[nH]n1,0.3010299956639812
Cc1cn[nH]c1c1cc(cc(n1)N1Cc2c(cccc2C(F)(F)F)C1=O)[C@H](C)Cc1nncn1C,2.302114376956201
C[C@H](Cc1nncn1C)c1cc(c2cn[nH]c2)nc(c1)N1Cc2c(cccc2C(F)(F)F)C1=O,2.813247300897605
C[C@H](Cc1nncn1C)c1cccc(c1)N1Cc2c(cc(cc2C(F)(F)F)n2cccn2)C1=O,0.3010299956639812
Cn1cnnc1CC1(COC1)c1cccc(c1)N1Cc2c(cc(CN3CCCc4c3cn(C)n4)cc2C(F)(F)F)C1=O,0.3010299956639812
Cn1cnnc1CC1(COC1)c1cccc(c1)N1Cc2c(cc(CN3CCCc4c3cnn4C)cc2C(F)(F)F)C1=O,0.3010299956639812
Cn1cnnc1c1cnn(C)c1c1cccc(c1)N1Cc2c(cccc2C(F)(F)F)C1=O,2.302114376956201
C[C@@H]1CN(CCO1)Cc1cc2C(N(Cc2c(c1)C(F)(F)F)c1cccc(c1)c1c(cnn1C)c1nncn1C)=O,0.3010299956639812
C[C@H]1CN(Cc2cc3C(N(Cc3c(c2)C(F)(F)F)c2cccc(c2)c2c(cnn2C)c2nncn2C)=O)C[C@@H](C)O1,0.3010299956639812
Cc1nc2CN(CCc2o1)Cc1cc2C(N(Cc2c(c1)C(F)(F)F)c1cccc(c1)C1(Cc2nncn2C)COC1)=O,0.3010299956639812
Cc1conc1C[C@@H](C)c1cccc(c1)N1Cc2c(cccc2C(F)(F)F)C1=O,2.302114376956201
Cc1conc1C[C@@H](C)c1cccc(c1)N1Cc2c(cccc2C(F)(F)F)C1=O,2.813247300897605
Cc1conc1C[C@@H](C)c1cccc(c1)N1Cc2c(cccc2C(F)(F)F)C1=O,3.301138555715016
CC(Cc1c(CO)con1)c1cccc(c1)N1Cc2c(cccc2C(F)(F)F)C1=O,3.301138555715016
Cc1conc1C[C@@H](C)c1cccc(c1)N1Cc2c(cc(cc2C(F)(F)F)C(N2CC[C@@H](C2)O)=O)C1=O,0.3010299956639812
C[C@H](Cc1c(con1)C(F)(F)F)c1cccc(c1)N1Cc2c(cc(cc2C(F)(F)F)C(N2CC[C@@H](C2)O)=O)C1=O,2.302114376956201
C[C@H](Cc1c(con1)C(F)(F)F)c1cccc(c1)N1Cc2c(cc(CN3CC[C@@H](C3)F)cc2C(F)(F)F)C1=O,2.302114376956201
Cc1conc1CC1(COC1)c1cccc(c1)N1Cc2c(cc(CN3CCC4(CC4)C3)cc2C(F)(F)F)C1=O,0.3010299956639812
Cc1c(C[C@@H](C)c2cccc(c2)N2Cc3c(cccc3C(F)(F)F)C2=O)nc[nH]1,2.302114376956201
Cc1c(C[C@@H](C)c2cccc(c2)N2Cc3c(cccc3C(F)(F)F)C2=O)nc[nH]1,2.813247300897605
C[C@H](Cc1nccn1C)c1cccc(c1)N1Cc2c(cccc2C(F)(F)F)C1=O,3.301138555715016
CC(Cc1nccn1C)c1cccc(c1)N1Cc2c(cccc2C(F)(F)F)C1=O,3.8129467626258653
C[C@H](Cc1ncco1)c1cccc(c1)N1Cc2c(cccc2C(F)(F)F)C1=O,3.8129467626258653
C[C@H](Cc1nncs1)c1cccc(c1)N1Cc2c(cccc2C(F)(F)F)C1=O,2.813247300897605
C[C@H](Cc1nnco1)c1cccc(c1)N1Cc2c(cccc2C(F)(F)F)C1=O,3.8129467626258653
Cc1c[nH]nc1C[C@H](C)c1cccc(c1)N1Cc2c(cc(cc2C(F)(F)F)C(N2CC[C@@H](C2)O)=O)C1=O,0.3010299956639812
Cc1c[nH]nc1C[C@@H](C)c1cccc(c1)N1Cc2c(cc(cc2C(F)(F)F)C(N2C[C@H](C[C@H]2C)O)=O)C1=O,0.3010299956639812
C[C@H](Cc1c(c[nH]n1)C(F)(F)F)c1cccc(c1)N1Cc2c(cc(cc2C(F)(F)F)C(N2CC[C@@H](C2)O)=O)C1=O,0.3010299956639812
Cc1c[nH]nc1C[C@H](C)c1cccc(c1)N1Cc2c(cccc2C(F)(F)F)C1=O,2.813247300897605
C[C@H](Cc1c(CO)c[nH]n1)c1cccc(c1)N1Cc2c(cccc2C(F)(F)F)C1=O,3.301138555715016
CC(Cc1c(CO)c[nH]n1)c1cccc(c1)N1Cc2c(cccc2C(F)(F)F)C1=O,3.8129467626258653
C[C@@H](Cc1c(CO)c[nH]n1)c1cccc(c1)N1Cc2c(cccc2C(F)(F)F)C1=O,4.176091259055681
C[C@@H](c1cccc(c1)N1Cc2c(cccc2C(F)(F)F)C1=O)Sc1nncn1C,2.302114376956201
C[C@H](c1cccc(c1)N1Cc2c(cccc2C(F)(F)F)C1=O)Sc1nncn1C,3.301138555715016
C[C@@H](c1cc(cc(c1)F)N1Cc2c(cccc2C(F)(F)F)C1=O)Sc1nncn1C,2.302114376956201
CC(c1cc(cc(c1)F)N1Cc2c(cccc2C(F)(F)F)C1=O)Sc1nncn1C,2.813247300897605
C[C@H](c1cc(cc(c1)F)N1Cc2c(cccc2C(F)(F)F)C1=O)Sc1nncn1C,3.301138555715016
C[C@@H](c1ccc(c(c1)N1Cc2c(cccc2C(F)(F)F)C1=O)F)Sc1nncn1C,3.301138555715016
C[C@H](c1ccc(c(c1)N1Cc2c(cccc2C(F)(F)F)C1=O)F)Sc1nncn1C,4.176091259055681
C[C@@H](c1cccc(c1)N1Cc2cc(ccc2C1=O)[Cl])Sc1nncn1C,2.813247300897605
CC(c1cccc(c1)N1Cc2ccc(cc2C1=O)[Cl])Sc1nncn1C,3.8129467626258653
CC(c1cccc(c1)N1Cc2ccc(cc2C1=O)C(C)(C)O)Sc1nncn1C,3.8129467626258653
C[C@@H](c1ccnc(c1)N1Cc2c(cccc2C(F)(F)F)C1=O)Sc1nncn1C,2.813247300897605
C[C@H](c1ccnc(c1)N1Cc2c(cccc2C(F)(F)F)C1=O)Sc1nncn1C,3.8129467626258653
CC(c1cc(N)nc(c1)N1Cc2c(cccc2C(F)(F)F)C1=O)Sc1nncn1C,3.8129467626258653
CCNc1cc(cc(n1)N1Cc2c(cccc2C(F)(F)F)C1=O)C(C)Sc1nncn1C,2.813247300897605
CC(c1cc(NC)nc(c1)N1Cc2c(cccc2C(F)(F)F)C1=O)Sc1nncn1C,3.301138555715016
CC(CO)Nc1cc(cc(n1)N1Cc2c(cccc2C(F)(F)F)C1=O)C(C)Sc1nncn1C,2.813247300897605
CC(c1cc(NCCO)nc(c1)N1Cc2c(cccc2C(F)(F)F)C1=O)Sc1nncn1C,3.301138555715016
CC(c1cc(NC[C@H](C)O)nc(c1)N1Cc2c(cccc2C(F)(F)F)C1=O)Sc1nncn1C,3.8129467626258653
CC(c1cc(NC2CCOC2)nc(c1)N1Cc2c(cccc2C(F)(F)F)C1=O)Sc1nncn1C,3.8129467626258653
CC(c1ccnc(c1)N1Cc2ccc(cc2C1=O)C(NC)=O)Sc1nncn1C,3.8129467626258653
C[C@@H](c1cccc(c1)N1Cc2c(ccnc2[Cl])C1=O)Sc1nncn1C,2.813247300897605
Cn1cnnc1OC1(COC1)c1cccc(c1)N1Cc2c(cc(CN3CCC(CC3)F)cc2C(F)(F)F)C1=O,2.302114376956201
C[C@H](Cc1nncn1C)c1ccnc(c1)C(Nc1cccc(C(F)(F)F)n1)=O,2.7407573233077707
C[C@H](Cc1nncn1C)c1ccnc(c1)NC(c1cccc(C(F)(F)F)n1)=O,2.813247300897605
C[C@H](Cc1nncn1C)c1cccc(c1)C(Nc1cccc(C(F)(F)F)n1)=O,3.8750612633917
C[C@H](Cc1nncn1C)c1cccc(c1)NC(c1cccc(C(C)(C)C)n1)=O,0.3010299956639812
C[C@H](Cc1nncn1C)c1cccc(c1)NC(c1cccc(CCO)n1)=O,2.813247300897605
C[C@H](Cc1nncn1C)c1cccc(c1)NC(c1cccc(C(F)(F)F)n1)=O,0.3010299956639812
C[C@H](Cc1nncn1C)c1cccc(c1)NC(c1cccc(C(F)(F)F)n1)=O,2.302114376956201
CC(C)(Cc1nncn1C)c1cccc(c1)NC(c1cccc(C(F)(F)F)n1)=O,0.3010299956639812
C[C@H](Cc1nncn1C)c1cccc(c1)NC(c1cc(ccn1)C(F)(F)F)=O,3.301138555715016
C[C@H](Cc1nncn1C)c1cccc(c1)NC(c1cccc(C(CO)(F)F)n1)=O,2.302114376956201
C[C@H](Cc1nncn1C)c1cccc(c1)NC(c1cc(cc(C(F)(F)F)n1)C1CC1)=O,0.3010299956639812
C[C@H](Cc1nncn1C)c1cccc(c1)NC(c1cc(cc(C(F)(F)F)n1)C1CC1)=O,2.813247300897605
C[C@H](Cc1nncn1C)c1cccc(c1)NC(c1cc(cc(C(F)(F)F)n1)C(C)(C)O)=O,2.302114376956201
C[C@H](Cc1nncn1C)c1cccc(c1)NC(c1cc(cc(C(F)(F)F)n1)OC)=O,2.813247300897605
C[C@H](Cc1nncn1C)c1cccc(c1)NC(c1cc(cc(C(F)(F)F)n1)C1(COC1)O)=O,2.302114376956201
C[C@H](Cc1nncn1C)c1cccc(c1)NC(c1cc(c(cn1)[Cl])C(C)(C)O)=O,2.813247300897605
C[C@H](Cc1nncn1C)c1cccc(c1)NC(c1cncc(C(F)(F)F)n1)=O,2.302114376956201
C[C@H](Cc1nncn1C)c1cccc(c1)NC(c1ccc(CO)c(C2CC2)n1)=O,0.3010299956639812
C[C@H](Cc1nncn1C)c1cccc(c1)NC(c1ccc(CNC)c(C2CC2)n1)=O,2.302114376956201
Cc1ccc(C(Nc2cccc(c2)[C@H](C)[C@@H](c2nncn2C)O)=O)nc1C1CC1,3.8129467626258653
Cc1ccc(C(Nc2cccc(c2)[C@@H](C)C(c2nncn2C)(F)F)=O)nc1C1CC1,2.302114376956201
C[C@H](c1cccc(c1)NC(c1ccc(CO)c(C2CC2)n1)=O)C(c1nncn1C)(F)F,2.302114376956201
C[C@H](Cc1nncn1C)c1cccc(c1)NC(c1cc(cc(C2CC2)n1)S(C)(=O)=O)=O,2.302114376956201
C[C@@H](Cc1nncn1C)c1cccc(c1)NC(c1cc(cc(C2CC2)n1)S(C)(=O)=O)=O,3.8129467626258653
C[C@H](Cc1nncn1C)c1cccc(c1)NC(c1cc(cc(C(F)(F)F)n1)S(N)(=O)=O)=O,2.302114376956201
C[C@H](Cc1nncn1C)c1cccc(c1)NC(c1cc(cc(C(F)(F)F)n1)S(NC)(=O)=O)=O,2.302114376956201
C[C@H](Cc1nncn1C)c1cccc(c1)NC(c1cccc(n1)S(C)(=O)=O)=O,2.813247300897605
C[C@H](Cc1nncn1C)c1cccc(c1)NC(c1ccnc(C2CC2)n1)=O,0.3010299956639812
Cc1cc(C(Nc2cccc(c2)[C@H]2C[C@H]2c2nncn2C)=O)nc(C2CC2)n1,2.302114376956201
Cc1cc(C(Nc2cccc(c2)C(C)(C)Cc2nncn2C)=O)nc(C2CC2)n1,0.3010299956639812
Cc1cc(C(Nc2cccc(c2)C2(CCC2)Cc2nncn2C)=O)nc(C2CC2)n1,0.3010299956639812
Cc1cc(C(Nc2cccc(c2)[C@H](C)Cc2nncn2C)=O)nc(C2CC2)n1,0.3010299956639812
Cc1cc(C(Nc2cccc(c2)[C@@H](C)Cc2nncn2C)=O)nc(C2CC2)n1,2.302114376956201
C[C@H](Cc1nncn1C)c1cccc(c1)NC(c1cc(C2CC2)nc(C2CC2)n1)=O,0.3010299956639812
Cc1cc(C(Nc2cccc(c2)[C@](C)(C(c2nncn2C)(F)F)F)=O)nc(C2CC2)n1,2.302114376956201
Cc1cc(C(Nc2cccc(c2)C2(CC2)C(c2nncn2C)(F)F)=O)nc(C2CC2)n1,0.3010299956639812
Cc1cc(C(Nc2cccc(c2)C2(Cc3nncn3C)CC(C2)(F)F)=O)nc(C2CC2)n1,0.3010299956639812
C[C@H](Cc1nncn1C)c1cccc(c1)NC(c1ccnc(C(F)(F)F)n1)=O,2.302114376956201
Cc1cc(C(Nc2cccc(c2)[C@H](C)Cc2nncn2C)=O)nc(C(F)(F)F)n1,0.3010299956639812
CC(C)(Cc1nncn1C)c1cccc(c1)NC(c1ccnc(C(F)(F)F)n1)=O,2.302114376956201
Cc1cc(C(Nc2cccc(c2)C2(Cc3nncn3C)COC2)=O)nc(C2CC2)n1,0.3010299956639812
Cc1cc(C(Nc2cccc(c2)C2(Cc3nncn3C)COC2)=O)nc(C2CCC2)n1,0.3010299956639812
Cn1cnnc1CC1(COC1)c1cccc(c1)NC(c1cc(C2CC2)nc(C2CC2)n1)=O,0.3010299956639812
Cc1cc(C(Nc2cc(cc(c2)C2(Cc3nncn3C)COC2)C2CC2)=O)nc(C2CC2)n1,0.3010299956639812
CCn1cnnc1CC1(COC1)c1cccc(c1)NC(c1cc(C)nc(C2CC2)n1)=O,3.8129467626258653
Cc1cc(C(Nc2cccc(c2)[C@@]2(CCOC2)Cc2nncn2C)=O)nc(C2CC2)n1,2.302114376956201
Cc1cc(C(Nc2cccc(c2)[C@]2(CCOC2)Cc2nncn2C)=O)nc(C2CC2)n1,0.3010299956639812
Cc1cc(C(Nc2cccc(c2)C2(Cc3nncn3C(F)F)COC2)=O)nc(C2CC2)n1,0.3010299956639812
Cn1cnnc1CC1(COC1)c1cccc(c1)NC(c1ccnc(C(F)(F)F)n1)=O,2.302114376956201
Cc1cc(C(Nc2cccc(c2)C2(Cc3nncn3C)COC2)=O)nc(C(F)(F)F)n1,0.3010299956639812
Cn1cnnc1CC1(COC1)c1cccc(c1)NC(c1cc(C2CC2)nc(C(F)(F)F)n1)=O,0.3010299956639812
Cc1cc(C2CC2)nc(c1)C(Nc1cccc(c1)C1(Cc2nncn2C)COC1)=O,0.3010299956639812
Cc1cc(C(Nc2cccc(c2)C2(COC2)[C@@H](c2nncn2C)F)=O)nc(C2CC2)n1,0.3010299956639812
Cc1cc(C(Nc2cccc(c2)C2(COC2)[C@H](c2nncn2C)F)=O)nc(C2CC2)n1,0.3010299956639812
Cc1cc(C(Nc2cccc(c2)C2(COC2)C(c2nncn2C)(F)F)=O)nc(C2CC2)n1,0.3010299956639812
Cn1cnnc1CC1(COC1)c1cccc(c1)NC(c1cc(nc(C2CC2)n1)OC)=O,0.3010299956639812
CCOc1cc(cc(c1)NC(c1cc(C)nc(C2CC2)n1)=O)C1(Cc2nncn2C)COC1,0.3010299956639812
Cc1cc(C(Nc2cccc(c2)C2CCCC=2c2nncn2C)=O)nc(C2CC2)n1,2.302114376956201
CN(C)Cc1cc(C(Nc2cccc(c2)C2(Cc3nncn3C)COC2)=O)nc(C2CC2)n1,0.3010299956639812
Cn1cnnc1CC1(COC1)c1cccc(c1)NC(c1cc(CN2CCC2)nc(C2CC2)n1)=O,0.3010299956639812
Cn1cnnc1CC1(COC1)c1cccc(c1)NC(c1cc(CN2CCCCC2)nc(C2CC2)n1)=O,0.3010299956639812
CC(c1cc(C(Nc2cccc(c2)C2(Cc3nncn3C)COC2)=O)nc(C2CC2)n1)N1CCCC1,0.3010299956639812
Cn1cnnc1CC1(COC1)c1cccc(c1)NC(c1cc(CN2CC[C@@H](C2)O)nc(C2CC2)n1)=O,0.3010299956639812
Cn1cnnc1CC1(COC1)c1cccc(c1)NC(c1cc(CN2CC[C@@H](C2)F)nc(C2CC2)n1)=O,0.3010299956639812
Cn1cnnc1CC1(COC1)c1cccc(c1)NC(c1cc(CN2CC[C@@H](C2)F)nc(C(F)(F)F)n1)=O,0.3010299956639812
CC(c1cc(C(Nc2cccc(c2)C2(Cc3nncn3C)COC2)=O)nc(C2CC2)n1)N1CC(C1)F,0.3010299956639812
Cn1cnnc1CC1(COC1)c1cccc(c1)NC(c1cc(CN2CC[C@@H](C2)F)cc(C2CC2)n1)=O,0.3010299956639812
C[C@@H]1CN(CCO1)Cc1cc(C2CC2)nc(c1)C(Nc1cccc(c1)C1(Cc2nncn2C)COC1)=O,0.3010299956639812
Cn1cnnc1CC1(COC1)c1cccc(c1)NC(c1cc(CN2CCC3(CC3)C2)cc(C2CC2)n1)=O,0.3010299956639812
C[C@@H](c1cc(C(Nc2cccc(c2)C2(Cc3nncn3C)COC2)=O)nc(C2CC2)n1)N1CCC2(CC2)C1,0.3010299956639812
C[C@H](c1cc(C(Nc2cccc(c2)C2(Cc3nncn3C)COC2)=O)nc(C2CC2)n1)N1CCC2(CC2)C1,0.3010299956639812
Cn1cnnc1CC1(COC1)c1cccc(c1)NC(c1cc(Cn2ccnn2)nc(C2CC2)n1)=O,0.3010299956639812
C[C@@H](Cc1nncn1C)c1cccc(c1)NC(c1cc(ccn1)O[C@H]1CC[C@@H](C1)O)=O,0.3010299956639812
C[C@@H](Cc1nncn1C)c1cccc(c1)NC(c1cc(ccn1)O[C@H]1CC[C@H](C1)O)=O,2.813247300897605
C[C@H](Cc1nncn1C)c1cccc(c1)NC(c1cc(ccn1)O[C@H]1CC[C@H](C1)O)=O,2.813247300897605
Cn1cnnc1CC1(COC1)c1cccc(c1)NC(c1cc(cc(C2CC2)n1)OC(F)F)=O,0.3010299956639812
C[C@H](Cc1nncn1C)c1cccc(c1)NC(c1cc(ccn1)C(N1C[C@H](C[C@H]1C)O)=O)=O,2.302114376956201
C[C@H]1C[C@@H](CN1C(c1ccnc(c1)C(Nc1cccc(c1)[C@H](C)Cc1nncn1C)=O)=O)O,3.8129467626258653
CCn1cnnc1C[C@@H](C)c1cccc(c1)NC(c1cc(ccn1)C(N1C[C@H](C[C@H]1C)O)=O)=O,2.813247300897605
C[C@H](Cc1nncn1C)c1cccc(c1)NC(c1cc(ccn1)C(N1CC[C@@](C)(C1)O)=O)=O,2.813247300897605
C[C@@H](Cc1nncn1C)c1cccc(c1)NC(c1cc(cc(C2CC2)n1)C(N1CC[C@@H](C1)O)=O)=O,2.813247300897605
C[C@H](Cc1nncn1C)c1cccc(c1)NC(c1cc(ccn1)C(N1CC(C(C)(C)C1)O)=O)=O,3.301138555715016
C[C@H](Cc1nncn1C)c1cccc(c1)NC(c1cc(ccn1)C(N1CCC(C1(C)C)O)=O)=O,3.301138555715016
C[C@H](Cc1nncn1C)c1cccc(c1)NC(c1cc(ccn1)C(N1CC(C1)CO)=O)=O,3.301138555715016
CC(C1CN(C1)C(c1ccnc(c1)C(Nc1cccc(c1)[C@H](C)Cc1nncn1C)=O)=O)O,3.8129467626258653
C[C@H](Cc1nncn1C)c1cccc(c1)NC(c1cc(ccn1)C(N1CCC(C1)CO)=O)=O,3.301138555715016
C[C@H](Cc1nncn1C)c1cccc(c1)NC(c1cc(ccn1)C(N1CCC(C)(CC1)O)=O)=O,3.301138555715016
C[C@H](Cc1nncn1C)c1cccc(c1)NC(c1cc(ccn1)C(N1C[C@@H]([C@H](C1)F)O)=O)=O,2.302114376956201
C[C@H](Cc1nncn1C)c1cccc(c1)NC(c1cc(ccn1)C(N1C[C@@H]([C@H](C1)F)O)=O)=O,3.301138555715016
C[C@@H](Cc1nncn1C)c1cccc(c1)NC(c1cc(ccn1)C(N1C[C@@H]([C@@H](C1)O)F)=O)=O,3.301138555715016
C[C@@H](Cc1nncn1C)c1cccc(c1)NC(c1cc(ccn1)C(N1CC(C(C1)(F)F)O)=O)=O,2.813247300897605
C[C@H](Cc1nncn1C)c1cccc(c1)NC(c1cc(cc(C(F)(F)F)n1)C(N1CC[C@@H](C1)O)=O)=O,0.3010299956639812
CC(C)(Cc1nncn1C)c1cccc(c1)NC(c1cc(cc(C(F)(F)F)n1)C(N1CC[C@@H](C1)O)=O)=O,0.3010299956639812
C[C@H](Cc1nncn1C)c1cccc(c1)NC(c1cc(ccn1)C(N1CC[C@@](C)(C1)N)=O)=O,3.301138555715016
C[C@@H](Cc1nncn1C)c1cccc(c1)NC(c1cc(ccn1)C(N1CC[C@@](C)(C1)N)=O)=O,3.8129467626258653
C[C@H](Cc1nncn1C)c1cccc(c1)NC(c1cc(ccn1)C(N1CC[C@@H](C1)NC)=O)=O,3.301138555715016
C[C@@H](Cc1nncn1C)c1cccc(c1)NC(c1cc(ccn1)C(N1CC[C@@H](C1)NC)=O)=O,3.301138555715016
C[C@H](Cc1nncn1C)c1cccc(c1)NC(c1cc(ccn1)C(N1CCNCC1)=O)=O,3.8129467626258653
C[C@H](Cc1nncn1C)c1cccc(c1)NC(c1cc(ccn1)C(N1CC[C@@H](C1)C#N)=O)=O,3.301138555715016
C[C@@H](Cc1nncn1C)c1cccc(c1)NC(c1cc(ccn1)C(N1CC[C@@H](C1)C#N)=O)=O,3.301138555715016
C[C@H](Cc1nncn1C)c1cccc(c1)NC(c1cc(ccn1)C(N1CC(C1)S(C)(=O)=O)=O)=O,3.301138555715016
C[C@@H](Cc1nncn1C)c1cccc(c1)NC(c1cc(ccn1)N[C@@H]1CC[C@@H](C1)O)=O,2.813247300897605
C[C@H](Cc1nncn1C)c1cccc(c1)NC(c1cc(ccn1)N[C@@H]1CC[C@@H](C1)O)=O,3.301138555715016
C[C@H](Cc1nncn1C)c1cccc(c1)NC(c1cc(ccn1)C(N[C@H]1CCNC1)=O)=O,3.8129467626258653
C[C@@H](Cc1nncn1C)c1cccc(c1)NC(c1cc(ccn1)C(N[C@H]1CCNC1)=O)=O,3.8129467626258653
C[C@H](Cc1nncn1C)c1cccc(c1)NC(c1cc(ccn1)C(NCCNC)=O)=O,3.301138555715016
C[C@H](Cc1nncn1C)c1cccc(c1)NC(c1cc(ccn1)C(NCC(C)(C)O)=O)=O,3.8129467626258653
C[C@H](Cc1nncn1C)c1cccc(c1)NC(c1cc(ccn1)C(NC1CCOC1)=O)=O,3.8129467626258653
C[C@H](Cc1nncn1C)c1cccc(c1)NC(c1cc(ccc1F)C(N1CC[C@@H](C1)O)=O)=O,3.301138555715016
C[C@H](Cc1nncn1C)c1cccc(c1)NC(c1cc(ccn1)C(N1CCC2(C1)COC2)=O)=O,3.8129467626258653
C[C@H](Cc1nncn1C)c1cccc(c1)NC(c1cc(ccn1)C(N1CCC2(CCO2)C1)=O)=O,3.8129467626258653
Cc1cccc(NC(c2cccc(c2)C2(Cc3nncn3C)COC2)=O)n1,3.8750612633917
Cn1cnnc1CC1(COC1)c1cccc(c1)C(Nc1cccc(C2CC2)n1)=O,3.8750612633917
Cn1cnnc1CC1(COC1)c1cccc(c1)NC(c1cc(CN2C[C@H]3C[C@H]3C2)cc(C2CC2)n1)=O,0.3010299956639812
Cn1cnnc1CC1(COC1)c1cccc(c1)NC(c1cc(CN2C[C@@H]3[C@H](C2)C3(F)F)cc(C2CC2)n1)=O,0.3010299956639812
C[C@@H](Cc1nncn1C)c1cccc(c1)NC(c1cc(ccn1)C(N1C[C@H]2C([C@H]2C1)O)=O)=O,3.301138555715016
Cn1cnnc1CC1(COC1)c1cccc(c1)NC(c1cc(CN2CCC3CC23)cc(C2CC2)n1)=O,0.3010299956639812
Cc1ccc(C(Nc2cccc(c2)[C@H](C)Cc2nc[nH]n2)=O)nc1C1CC1,2.813247300897605
CCOc1cc(cc(NC(c2cc(C)nc(C3CC3)n2)=O)n1)[C@](C)(C(c1nncn1C)(F)F)F,2.302114376956201
C[C@@](c1cccc(c1)NC(c1cc(CN2CC[C@@H](C2)F)nc(C2CC2)n1)=O)(C(c1nncn1C)(F)F)F,0.3010299956639812
CN1CCN(CC1)c1cc(C(Nc2cccc(c2)C2(Cc3nncn3C)COC2)=O)nc(C2CC2)n1,0.3010299956639812
Cn1cnnc1CC1(COC1)c1cccc(c1)NC(c1cc(nc(C2CC2)n1)N1CC(C1)C(F)F)=O,0.3010299956639812
CN1CC2CC(C1)N2c1cc(C(Nc2cccc(c2)C2(Cc3nncn3C)COC2)=O)nc(C2CC2)n1,0.3010299956639812
CN1CC2CCC(C1)N2c1cc(C(Nc2cccc(c2)C2(Cc3nncn3C)COC2)=O)nc(C2CC2)n1,0.3010299956639812
Cc1cc(C(Nc2cccc(c2)c2c(cnn2C)c2nncn2C)=O)nc(C2CC2)n1,2.302114376956201
Cc1cc(C(Nc2cccc(c2)[C@H](C)Cc2nncs2)=O)nc(C2CC2)n1,2.302114376956201
Cc1c[nH]nc1CC1(COC1)c1cccc(c1)NC(c1cc(C)nc(C2CC2)n1)=O,0.3010299956639812
Cc1ccc(C(Nc2cccc(c2)[C@H](C)Cc2nccn2C)=O)nc1C1CC1,2.813247300897605
Cc1ccc(C(Nc2cccc(c2)[C@@H](C)Cc2nccn2C)=O)nc1C1CC1,2.813247300897605
CC(Cc1nccn1C)c1cccc(c1)NC(c1ccc(C)c(C2CC2)n1)=O,3.301138555715016
C[C@H](Cc1nccn1C)c1cccc(c1)NC(c1cc(ccn1)C(N1CC[C@@H](C1)O)=O)=O,3.301138555715016
CC(Cc1nccn1C)c1cccc(c1)NC(c1cc(ccn1)C(N1CC[C@@H](C1)O)=O)=O,3.8129467626258653
C[C@H](Cc1nccn1C)c1cccc(c1)NC(c1cc(ccn1)C(N1C[C@H](C[C@H]1C)O)=O)=O,3.8129467626258653
C[C@H](Cc1nncn1C)c1cccc(c1)NC(c1cc2cc(ccc2cn1)N1CCNCC1)=O,0.3010299956639812
C[C@H](Cc1nncn1C)c1cccc(c1)NC(c1cc2cc(ccc2cn1)N1CCN(C)C(C1)=O)=O,0.3010299956639812
C[C@@H](Cc1nncn1C)c1cccc(c1)NC(c1cc2cc(ccc2cn1)N1CCN(C)C(C1)=O)=O,3.8129467626258653
CC(N1CCN(CC1)c1ccc2cnc(cc2c1)C(Nc1cccc(c1)[C@H](C)Cc1nncn1C)=O)=O,0.3010299956639812
C[C@H](Cc1nncn1C)c1cccc(c1)NC(c1cc2ccccc2cn1)=O,2.813247300897605
C[C@H](Cc1nncn1C)c1cccc(c1)NC(c1cc(C(F)(F)F)n[nH]1)=O,2.813247300897605
C[C@H](Cc1nncn1C)c1cccc(c1)NC(c1ccn(C)n1)=O,3.301138555715016
Cn1cnnc1CC1(COC1)c1cccc(c1)NC(c1csc(C2CC2)n1)=O,2.302114376956201
Cn1cnnc1CC1(COC1)c1cccc(c1)NC(c1csc(C(F)(F)F)n1)=O,0.3010299956639812
Cn1cnnc1CC1(COC1)c1cccc(c1)NC(c1nc(cs1)C1CC1)=O,2.813247300897605
Cn1cnnc1CC1(COC1)c1cccc(c1)NC(c1nc(cs1)C(F)(F)F)=O,2.813247300897605
C[C@H](Cc1nncn1C)c1cccc(c1)NC(c1coc(C(F)(F)F)n1)=O,2.813247300897605
C[C@H](Cc1nncn1C)c1cccc(c1)NC(c1cc2cccn2cn1)=O,2.813247300897605
C[C@H](Cc1nncn1C)c1cccc(c1)NC(c1ccnc2ccnn12)=O,0.3010299956639812
Cc1cc(C(Nc2cccc(c2)[C@H](C)Cc2nncn2C)=O)nc2ccnn12,2.302114376956201
C[C@H](Cc1nncn1C)c1cccc(c1)NC(c1ccn2c(ccn2)n1)=O,2.813247300897605
Cn1cnnc1CC1(COC1)c1cccc(c1)NC(c1ccnc2ccnn12)=O,2.302114376956201
Cc1cc(C(Nc2cccc(c2)C2(Cc3nncn3C)COC2)=O)n2c(ccn2)n1,2.302114376956201
Cc1cc(C(Nc2cccc(c2)C2(Cc3nncn3C)COC2)=O)n2c(cc(C)n2)n1,2.302114376956201
Cc1cnn2c(cc(C)nc12)C(Nc1cccc(c1)C1(Cc2nncn2C)COC1)=O,0.3010299956639812
Cn1cnnc1CC1(COC1)c1cccc(c1)NC(c1cc(C2CC2)nc2ccnn12)=O,0.3010299956639812
Cc1cc(C(Nc2cccc(c2)C2(Cc3nncn3C)COC2)=O)n2c(cc(C(F)(F)F)n2)n1,2.302114376956201
Cc1cnn2c(cc(C(F)(F)F)nc12)C(Nc1cccc(c1)C1(Cc2nncn2C)COC1)=O,2.813247300897605
C[C@H](Cc1nncn1C)c1cccc(c1)NC(c1cnn2cccnc12)=O,2.813247300897605
C[C@H](Cc1nncn1C)c1cccc(c1)NC(c1cn2ccnc2cn1)=O,2.813247300897605
C[C@H](Cc1nncn1C)c1cccc(c1)NC(c1ncc(C(F)(F)F)[nH]1)=O,2.302114376956201
C[C@H](Cc1nncn1C)c1cccc(c1)NC(c1nc2cccc(C3CC3)c2[nH]1)=O,2.302114376956201
C[C@H](Cc1nncn1C)c1cccc(c1)NC(c1nc2cccc(c2[nH]1)C(F)(F)F)=O,0.3010299956639812
Cn1cnnc1[C@@H]1C[C@@H]1c1cccc(c1)NC(c1nc2cccc(c2[nH]1)C(F)(F)F)=O,2.302114376956201
Cn1cnnc1CC1(COC1)c1cccc(c1)NC(c1nc2cccc(c2[nH]1)C(F)(F)F)=O,0.3010299956639812
C[C@@](c1cccc(c1)NC(c1nc2cccc(c2[nH]1)C(F)(F)F)=O)(C(c1nncn1C)(F)F)F,2.302114376956201
Cc1conc1C[C@@H](C)c1cccc(c1)NC(c1ccnc(C(F)(F)F)n1)=O,2.302114376956201
Cc1conc1C[C@H](C)c1cccc(c1)NC(c1ccnc(C(F)(F)F)n1)=O,3.8129467626258653
Cc1conc1C[C@@H](C)c1cccc(c1)NC(c1cc(C)nc(C2CC2)n1)=O,0.3010299956639812
Cc1conc1CC1(COC1)c1cccc(c1)NC(c1cc(C)nc(C2CC2)n1)=O,0.3010299956639812
Cc1conc1CC1(COC1)c1cccc(c1)NC(c1cc(CN2CC[C@@H](C2)O)nc(C2CC2)n1)=O,0.3010299956639812
Cc1conc1CC1(COC1)c1cccc(c1)NC(c1cc(CN2CCC3(CC3)C2)cc(C2CC2)n1)=O,0.3010299956639812
Cc1conc1CC1(COC1)c1cccc(c1)NC(c1cc(CN2CCC3(CC3)C2)nc(C2CC2)n1)=O,0.3010299956639812
C[C@H](Cc1nncn1C)c1cccc(c1)NC(N1CCC(C1)(C(NC)=O)C(F)(F)F)=O,2.7407573233077707
C[C@H](Cc1nncn1C)c1cccc(c1)NC(N1CCC(C)(C1)C(NC)=O)=O,3.8750612633917
C[C@H](Cc1nncn1C)c1cccc(c1)NC(N1CCC(C1)(C(O)=O)C(F)(F)F)=O,3.477193631102115
C[C@H](Cc1nncn1C)c1cccc(c1)NC(N1CCC(C1)(C(=O)OC)C(F)(F)F)=O,3.477193631102115
C[C@H](Cc1nncn1C)c1cccc(c1)NC(N1C[C@H](C)[C@H](C1)CO)=O,3.477193631102115
Cn1cnnc1CC1(COC1)c1cccc(c1)N1CC2C(CCN2C1=O)C(F)(F)F,3.477193631102115
C[C@H](Cc1nncn1C)c1cccc(c1)NC(c1c2CCCc2[nH]n1)=O,2.302114376956201
CC1CCc2c1n[nH]c2C(Nc1cccc(c1)[C@H](C)Cc1nncn1C)=O,2.302114376956201
C[C@H](Cc1nncn1C)c1cccc(c1)NC(c1c2CCCCc2n[nH]1)=O,2.813247300897605
Cn1cnnc1CC1(COC1)c1cccc(c1)NC(c1c2c(CCCO2)n[nH]1)=O,0.3010299956639812
Cc1cnnn1C[C@@H](C)c1cccc(c1)NC(c1cccc(C(F)(F)F)n1)=O,2.302114376956201
CC(Cn1c(C)cnn1)c1cccc(c1)NC(c1cccc(C(F)(F)F)n1)=O,2.813247300897605
Cc1cnnn1C[C@H](C)c1cccc(c1)NC(c1cccc(C(F)(F)F)n1)=O,3.301138555715016
CC(Cn1c(C)ccn1)c1cccc(c1)NC(c1cccc(C(F)(F)F)n1)=O,2.813247300897605
CC(Cn1ccc(C)n1)c1cccc(c1)NC(c1cccc(C(F)(F)F)n1)=O,3.8129467626258653
CC(Cn1c(C)nnn1)c1cccc(c1)NC(c1cccc(C(F)(F)F)n1)=O,4.176091259055681
CC(CN1C(N=CN1)=O)c1cccc(c1)NC(c1cccc(C(F)(F)F)n1)=O,3.8129467626258653
C[C@@H](c1cccc(c1)NC(N1Cc2cccc(c2C1)O)=O)Sc1nncn1C,2.7407573233077707
C[C@@H](c1cccc(c1)NC(N1Cc2c(C1)nccn2)=O)Sc1nncn1C,3.8750612633917
C[C@@H](c1cccc(c1)NC(N1Cc2cnn(C)c2C1)=O)Sc1nncn1C,3.477193631102115
C[C@@H](c1cccc(c1)NC(N1CCc2c(C1)con2)=O)Sc1nncn1C,3.8750612633917
C[C@@H](c1cccc(c1)NC(N1CCn2c(C1)ccn2)=O)Sc1nncn1C,3.8750612633917
Cc1cc(NC(Nc2cccc(c2)[C@H](C)Sc2nncn2C)=O)nnc1,3.477193631102115
C[C@@H](c1cccc(c1)NC(NC1CCCN(C1)c1cccnn1)=O)Sc1nncn1C,3.8750612633917
CCn1cc(CN(C)C(Nc2cccc(c2)[C@H](C)Sc2nncn2C)=O)cn1,3.8750612633917
C[C@@H](c1cccc(c1)NC(N1CC(c2cnn(C)c2)C(C)(C)C1)=O)Sc1nncn1C,3.8750612633917
C[C@@H](c1cccc(c1)NC(N1CC2CCCC2C1)=O)Sc1nncn1C,3.477193631102115
C[C@@H](c1cccc(c1)NC(N1CC2(CCC2O)C1)=O)Sc1nncn1C,3.8750612633917
C[C@@H](c1cccc(c1)NC(N1CC2(CCCO2)C1)=O)Sc1nncn1C,3.8750612633917
C[C@@H](c1cccc(c1)NC(N1CCOC2(CC2)C1)=O)Sc1nncn1C,3.8750612633917
C[C@@H](c1cccc(c1)NC(N1CCOC2(CCC2)C1)=O)Sc1nncn1C,3.8750612633917
C[C@@H](c1cccc(c1)NC(N1CCC(C1)(C(NC)=O)C(F)(F)F)=O)Sc1nncn1C,3.477193631102115
C[C@@H](c1cccc(c1)NC(N1CC(C1)C(N1CCC(C1)O)=O)=O)Sc1nncn1C,3.8750612633917
C[C@@H](c1cccc(c1)NC(N1CC(C1)C(N1CCC(CC1)O)=O)=O)Sc1nncn1C,3.8750612633917
C[C@@H](c1cccc(c1)NC(N1CCCC1)=O)Sc1nncn1C,3.8750612633917
CC1CCN(C1)C(Nc1cccc(c1)[C@H](C)Sc1nncn1C)=O,3.8750612633917
C[C@@H](c1cccc(c1)NC(N1CCCCC1)=O)Sc1nncn1C,3.8750612633917
C[C@@H](c1cccc(c1)NC(N(C)C1CCC1)=O)Sc1nncn1C,3.8750612633917
CC1CN(CC1CO)C(Nc1cccc(c1)[C@H](C)Sc1nncn1C)=O,3.8750612633917
C[C@@H](c1cccc(c1)NC(N1CCC(C1)C(F)F)=O)Sc1nncn1C,3.8750612633917
C[C@@H](c1cccc(c1)NC(N1CCC1c1ccccc1)=O)Sc1nncn1C,3.8750612633917
C[C@@H](c1cccc(c1)NC(N1CCC(C1)c1ccccc1)=O)Sc1nncn1C,3.8750612633917
C[C@@H](c1cccc(c1)NC(N1CC(C)(C1)F)=O)Sc1nncn1C,3.8750612633917
C[C@@H](c1cccc(c1)NC(N1CCN(C)CC1)=O)Sc1nncn1C,3.8750612633917
CC(N1CCN(CC1)C(Nc1cccc(c1)[C@H](C)Sc1nncn1C)=O)=O,3.8750612633917
CC1CN(CC(N1C)=O)C(Nc1cccc(c1)[C@H](C)Sc1nncn1C)=O,3.8750612633917
C[C@@H](c1cccc(c1)NC(N1CCN(C2CC2)C(C1)=O)=O)Sc1nncn1C,3.8750612633917
CC(CO)N(C)C(Nc1cccc(c1)[C@H](C)Sc1nncn1C)=O,3.8750612633917
C[C@@H](c1cccc(c1)NC(N1CCOCC1)=O)Sc1nncn1C,3.8750612633917
CC1CN(CC(C)O1)C(Nc1cccc(c1)[C@H](C)Sc1nncn1C)=O,3.8750612633917
CC(C)C1CN(CCO1)C(Nc1cccc(c1)[C@H](C)Sc1nncn1C)=O,3.8750612633917
C[C@@H](c1cccc(c1)NC(N1CCOCC1CO)=O)Sc1nncn1C,3.8750612633917
C[C@@H](c1cccc(c1)NC(N1CCOC(CC(F)(F)F)C1)=O)Sc1nncn1C,3.8750612633917
C[C@H](c1cccc(c1)NC(N1CCO[C@@H](C1)[C@@H]1CCCO1)=O)Sc1nncn1C,3.8750612633917
C[C@@H](c1cccc(c1)NC(N1CCO[C@@H](C1)[C@H]1CCCO1)=O)Sc1nncn1C,3.8750612633917
C[C@@H](c1cccc(c1)NC(N1CC(C1)OC(F)(F)F)=O)Sc1nncn1C,3.8750612633917
C[C@@H](c1cccc(c1)NC(N1CCS(CC1)(=O)=O)=O)Sc1nncn1C,3.8750612633917
C[C@@H](c1cccc(c1)NC(N1CC(C1)S(C)(=O)=O)=O)Sc1nncn1C,3.8750612633917
C[C@@H](c1cccc(c1)NC(N1CCC(C1)c1ccccn1)=O)Sc1nncn1C,3.8750612633917
C[C@@H](c1cccc(c1)NC(N1CCN(CC1)c1cccnc1)=O)Sc1nncn1C,3.8750612633917
C[C@@H](c1cccc(c1)NC(Nc1ccccc1)=O)Sc1nncn1C,3.8750612633917
C[C@@H](c1cccc(c1)NC(Nc1ccc(CC(N(C)C)=O)cc1)=O)Sc1nncn1C,3.8750612633917
C[C@@H](c1cccc(c1)NC(NC1CCCCC1)=O)Sc1nncn1C,3.8750612633917
C[C@@H](c1cccc(c1)NC(NC1CCCN(C)C1)=O)Sc1nncn1C,3.8750612633917
C[C@@H](c1cccc(c1)NC(N1CCC2(CC(NC2)=O)C1)=O)Sc1nncn1C,3.8750612633917
CC(N1CCC2(CCN(CC2)C(Nc2cccc(c2)[C@H](C)Sc2nncn2C)=O)C1)=O,3.8750612633917
C[C@@H](c1cccc(c1)NC(N1CCC12CCN(C)CC2)=O)Sc1nncn1C,3.8750612633917
C[C@@H](c1cccc(c1)NC(Nc1ccc(cc1)N1CCOCC1=O)=O)Sc1nncn1C,3.8750612633917
C[C@@H](c1cccc(c1)NC(Nc1ccc(cc1OC)N1CCOCC1)=O)Sc1nncn1C,3.8750612633917
C[C@@H](c1cccc(c1)NC(N1CCC12CCOC2)=O)Sc1nncn1C,3.8750612633917
C[C@@H](c1cccc(c1)NC(N1CC2(CCOC(N2)=O)C1)=O)Sc1nncn1C,3.8750612633917
C[C@@H](c1cccc(c1)NC(Nc1ccc(cc1)S(NC)(=O)=O)=O)Sc1nncn1C,3.8750612633917
C[C@@H](c1cccc(c1)NC(Nc1ccc(cc1)S(N(C)C)(=O)=O)=O)Sc1nncn1C,3.8750612633917
Cc1ccc(cc1S(NC)(=O)=O)NC(Nc1cccc(c1)[C@H](C)Sc1nncn1C)=O,3.8750612633917
C[C@@H](c1cccc(c1)NC(N1CCOC(C1)c1ncon1)=O)Sc1nncn1C,3.8750612633917
C[C@@H](c1cccc(c1)NC(N1CCc2ccccc12)=O)Sc1nncn1C,3.8750612633917
C[C@@H](c1cccc(c1)NC(N1CCCc2ccccc12)=O)Sc1nncn1C,3.8750612633917
C[C@@H](c1cccc(c1)NC(Nc1cccc(C(F)(F)F)n1)=O)Sc1nncn1C,2.7407573233077707
C[C@@H](c1ccnc(c1)NC(Nc1ccccn1)=O)Sc1nncn1C,3.8750612633917
C[C@@H](c1cccc(c1)NC(Nc1cccc(n1)OC)=O)Sc1nncn1C,3.8750612633917
C[C@@H](c1cccc(c1)C(Nc1cc(ccn1)C(F)(F)F)=O)Sc1nncn1C,3.477193631102115
C[C@@H](c1ccnc(c1)NC(c1cccc(c1)S(F)(F)(F)(F)F)=O)Sc1nncn1C,3.8129467626258653
Cc1c(ccc(C(Nc2cccc(c2)[C@H](C)Sc2nncn2C)=O)n1)[Cl],2.302114376956201
Cc1cc(C(Nc2cccc(c2)[C@H](C)Sc2nncn2C)=O)ncc1[Cl],2.813247300897605
C[C@@H](c1cccc(c1)NC(c1cc(c(cn1)[Cl])C(C)(C)O)=O)Sc1nncn1C,2.813247300897605
CC(C)c1cccc(C(Nc2cccc(c2)[C@H](C)Sc2nncn2C)=O)n1,2.302114376956201
Cc1cc(C)nc(c1)C(Nc1cccc(c1)[C@H](C)Sc1nncn1C)=O,2.813247300897605
Cc1ccc(C(Nc2cccc(c2)[C@H](C)Sc2nncn2C)=O)nc1C,2.813247300897605
C[C@@H](c1cccc(c1)NC(c1cc(ccn1)NC)=O)Sc1nncn1C,3.301138555715016
CC(Nc1ccnc(c1)C(Nc1cccc(c1)[C@H](C)Sc1nncn1C)=O)=O,3.301138555715016
C[C@@H](c1cccc(c1)NC(c1cc(CCO)ccn1)=O)Sc1nncn1C,3.301138555715016
C[C@@H](c1cccc(c1)NC(c1cccc(C(F)(F)F)n1)=O)Sc1nncn1C,2.302114376956201
C[C@H](c1cccc(c1)NC(c1cccc(C(F)(F)F)n1)=O)Sc1nncn1C,3.301138555715016
Cc1cc(C(Nc2cccc(c2)[C@H](C)Sc2nncn2C)=O)nc(c1)C(F)(F)F,0.3010299956639812
C[C@@H](c1cccc(c1)NC(c1cccc(CF)n1)=O)Sc1nncn1C,3.301138555715016
C[C@@H](c1cccc(c1)NC(c1cccc(C(C)(F)F)n1)=O)Sc1nncn1C,2.302114376956201
Cc1ccc(C(Nc2cccc(c2)[C@H](C)Sc2nncn2C)=O)nc1C(F)(F)F,2.302114376956201
C[C@@H](c1cccc(c1)NC(c1cc(cc(C(F)(F)F)n1)C(C)(C)O)=O)Sc1nncn1C,2.302114376956201
C[C@@H](c1cccc(c1)NC(c1cc(cc(C(F)(F)F)n1)C(F)(F)F)=O)Sc1nncn1C,2.813247300897605
C[C@@H](c1ccc(c(c1)NC(c1cccc(C(F)(F)F)n1)=O)F)Sc1nncn1C,2.813247300897605
CC(c1ccc(c(c1)NC(c1cccc(C(F)(F)F)n1)=O)F)Sc1nncn1C,3.301138555715016
C[C@H](c1ccc(c(c1)NC(c1cccc(C(F)(F)F)n1)=O)F)Sc1nncn1C,3.8129467626258653
C[C@@H](c1cccc(c1)NC(c1cc(ccn1)C(F)(F)F)=O)Sc1nncn1C,3.8129467626258653
Cc1cnc(cc1C(F)(F)F)C(Nc1cccc(c1)[C@H](C)Sc1nncn1C)=O,3.8129467626258653
C[C@@H](c1cccc(c1)NC(c1ccc(c(C(F)(F)F)n1)[Cl])=O)Sc1nncn1C,2.302114376956201
C[C@@H](c1cccc(c1)NC(c1cc(c(cn1)[Cl])C(F)(F)F)=O)Sc1nncn1C,3.301138555715016
C[C@@H](c1cccc(c1)NC(c1cc(cc(C(F)(F)F)n1)[Cl])=O)Sc1nncn1C,2.302114376956201
C[C@@H](c1cccc(c1)NC(c1c(ccc(C(F)(F)F)n1)N)=O)Sc1nncn1C,3.301138555715016
Cn1cnnc1SC(CCO)c1cccc(c1)NC(c1cccc(C(F)(F)F)n1)=O,3.301138555715016
CC(c1cc(cnc1)NC(c1cccc(C(F)(F)F)n1)=O)Sc1nncn1C,3.8129467626258653
C[C@@H](c1cccc(c1)NC(c1cc(cc(C(F)(F)F)n1)OC)=O)Sc1nncn1C,2.302114376956201
C[C@@H](c1cccc(c1)NC(c1cc(cc(C(F)(F)F)n1)C1(COC1)O)=O)Sc1nncn1C,2.813247300897605
C[C@@H](c1cccc(c1)NC(c1cccc(C2CC2)n1)=O)Sc1nncn1C,0.3010299956639812
Cc1ccc(C(Nc2cccc(c2)[C@H](C)Sc2nncn2C)=O)nc1C1CC1,0.3010299956639812
Cc1cnc(cc1C1CC1)C(Nc1cccc(c1)[C@H](C)Sc1nncn1C)=O,3.8129467626258653
C[C@@H](c1cccc(c1)NC(c1ccc(CO)c(C2CC2)n1)=O)Sc1nncn1C,0.3010299956639812
C[C@@H](c1cccc(c1)NC(c1ccc(C#N)c(C2CC2)n1)=O)Sc1nncn1C,0.3010299956639812
C[C@@H](c1cccc(c1)NC(c1ccc(c(C2CC2)n1)F)=O)Sc1nncn1C,0.3010299956639812
C[C@@H](c1cccc(c1)NC(c1cc(cc(C(F)(F)F)n1)C1CC1)=O)Sc1nncn1C,0.3010299956639812
C[C@@H](c1cccc(c1)NC(c1cc(cc(C2CC2)n1)C(F)(F)F)=O)Sc1nncn1C,2.813247300897605
C[C@@H](c1cccc(c1)NC(c1ccc(c(C2CC2)n1)OC)=O)Sc1nncn1C,0.3010299956639812
C[C@@H](c1ccnc(c1)NC(c1cccc(C(C)(F)F)n1)=O)Sc1nncn1C,2.813247300897605
Cc1cc(C(Nc2cc(ccn2)[C@H](C)Sc2nncn2C)=O)nc(c1)C(F)(F)F,2.813247300897605
C[C@@H](c1ccnc(c1)NC(c1cccc(C(F)(F)F)n1)=O)Sc1nncn1C,3.301138555715016
C[C@@H](c1ccnc(c1)NC(c1cc(cc(C(F)(F)F)n1)[Cl])=O)Sc1nncn1C,2.813247300897605
C[C@@H](c1ccnc(c1)NC(c1cc(cc(C(F)(F)F)n1)[Br])=O)Sc1nncn1C,2.813247300897605
C[C@@H](c1ccnc(c1)NC(c1ccc(c(C(F)(F)F)n1)[Cl])=O)Sc1nncn1C,3.301138555715016
C[C@@H](c1ccnc(c1)NC(c1cc(c(cn1)[Cl])C(F)(F)F)=O)Sc1nncn1C,3.8129467626258653
C[C@@H](c1ccnc(c1)NC(c1cc(cc(C(F)(F)F)n1)C1CC1)=O)Sc1nncn1C,2.813247300897605
Cc1ccc(C(Nc2cc(ccn2)[C@H](C)Sc2nncn2C)=O)nc1C1CC1,2.813247300897605
C[C@@H](c1ccnc(c1)NC(c1cccc(C2CC2)n1)=O)Sc1nncn1C,3.301138555715016
CCc1cccc(C(Nc2cc(ccn2)[C@H](C)Sc2nncn2C)=O)n1,3.301138555715016
C[C@@H](c1ccnc(c1)NC(c1cccc(n1)[Cl])=O)Sc1nncn1C,3.301138555715016
C[C@@H](c1cccc(c1)NC(c1cc(cc(n1)[Cl])C(F)(F)F)=O)Sc1nncn1C,3.301138555715016
C[C@@H](c1cccc(c1)NC(c1ccnc(C2CC2)n1)=O)Sc1nncn1C,0.3010299956639812
C[C@@H](c1cccc(c1)NC(c1ccnc(C(F)(F)F)n1)=O)Sc1nncn1C,2.813247300897605
CC(c1ccc(c(c1)NC(c1cccc(C(F)(F)F)n1)=O)OC(F)(F)F)Sc1nncn1C,3.301138555715016
C[C@@H](c1cccc(c1)NC(c1cccc(n1)OC)=O)Sc1nncn1C,2.813247300897605
CCOc1cccc(C(Nc2cccc(c2)[C@H](C)Sc2nncn2C)=O)n1,3.301138555715016
C[C@@H](c1cccc(c1)NC(c1cc(cc(n1)OC)C(F)(F)F)=O)Sc1nncn1C,3.301138555715016
C[C@@H](c1ccnc(c1)NC(c1ccc(c(n1)OC)[Cl])=O)Sc1nncn1C,3.301138555715016
C[C@@H](c1ccnc(c1)NC(c1cccc(n1)OC(F)(F)F)=O)Sc1nncn1C,3.301138555715016
C[C@@H](c1cccc(c1)NC(c1cccc(n1)S(C)(=O)=O)=O)Sc1nncn1C,3.301138555715016
Cc1c(C2CC2)nc(cn1)C(Nc1cccc(c1)[C@H](C)Sc1nncn1C)=O,2.302114376956201
C[C@@H](c1cccc(c1)NC(c1cncc(C(F)(F)F)n1)=O)Sc1nncn1C,2.813247300897605
Cc1cncc(C(Nc2cccc(c2)[C@H](C)Sc2nncn2C)=O)n1,3.301138555715016
C[C@@H](c1cccc(c1)NC(c1cc(ccn1)C(N1CC[C@@H](C1)O)=O)=O)Sc1nncn1C,2.302114376956201
C[C@H](c1cccc(c1)NC(c1cc(ccn1)C(N1CC[C@@H](C1)O)=O)=O)Sc1nncn1C,3.8129467626258653
C[C@H](c1cccc(c1)NC(c1cc(ccn1)C(N1CC[C@@H](C1)O)=O)=O)Sc1nncn1C,3.8129467626258653
C[C@@H](c1cccc(c1)NC(c1cc(ccn1)C(N1C[C@@H]([C@H](C1)O)O)=O)=O)Sc1nncn1C,3.301138555715016
C[C@@H]1C[C@@H](CN1C(c1ccnc(c1)C(Nc1cccc(c1)[C@@H](C)Sc1nncn1C)=O)=O)O,2.813247300897605
C[C@H]1C[C@@H](CN1C(c1ccnc(c1)C(Nc1cccc(c1)[C@@H](C)Sc1nncn1C)=O)=O)O,3.8129467626258653
C[C@@H](c1cccc(c1)NC(c1cc(ccn1)C(N1C[C@H](C[C@H]1C)O)=O)=O)Sc1nncn1C,3.8129467626258653
C[C@H]1C[C@@H](CN1C(c1ccnc(c1)C(Nc1cccc(c1)[C@H](C)Sc1nncn1C)=O)=O)O,3.8129467626258653
C[C@H](c1cccc(c1)NC(c1cc(ccn1)C(N1CCC[C@@H](C1)O)=O)=O)Sc1nncn1C,3.8129467626258653
C[C@@H](c1cccc(c1)NC(c1cc(ccn1)C(N1CCC[C@@H](C1)O)=O)=O)Sc1nncn1C,3.8129467626258653
C[C@H](c1cccc(c1)NC(c1cc(ccn1)C(N1CC[C@@H](C1)OC)=O)=O)Sc1nncn1C,3.8129467626258653
C[C@@H](c1cccc(c1)NC(c1cc(ccn1)C(N1CC(C1)O)=O)=O)Sc1nncn1C,2.813247300897605
C[C@@H](c1cccc(c1)NC(c1cc(ccn1)C(N1CCC(CC1)O)=O)=O)Sc1nncn1C,3.301138555715016
C[C@@H](c1cccc(c1)NC(c1cc(ccn1)C(N1CCC1)=O)=O)Sc1nncn1C,3.8129467626258653
C[C@@H](c1cccc(c1)NC(c1cc(ccn1)C(N1CCCC1)=O)=O)Sc1nncn1C,3.8129467626258653
C[C@@H](c1cccc(c1)NC(c1cc(ccn1)C(N1CCCCC1)=O)=O)Sc1nncn1C,3.8129467626258653
C[C@H]1CCCN1C(c1ccnc(c1)C(Nc1cccc(c1)[C@@H](C)Sc1nncn1C)=O)=O,4.176091259055681
C[C@H](c1cccc(c1)NC(c1cc(ccn1)C(N1CC[C@@H](C1)N)=O)=O)Sc1nncn1C,3.8129467626258653
C[C@@H](c1cccc(c1)NC(c1cc(ccn1)C(N1CC[C@@H](C1)N)=O)=O)Sc1nncn1C,3.8129467626258653
C[C@H](c1cccc(c1)NC(c1cc(ccn1)C(N1CC[C@@H](C1)N(C)C)=O)=O)Sc1nncn1C,3.8129467626258653
C[C@@H](c1cccc(c1)NC(c1cc(ccn1)C(N1CC[C@@H](C1)N(C)C)=O)=O)Sc1nncn1C,3.8129467626258653
C[C@@H](c1cccc(c1)NC(c1cc(ccn1)C(N1CCC(C1)S(C)(=O)=O)=O)=O)Sc1nncn1C,3.8129467626258653
C[C@@H](c1cccc(c1)NC(c1cc(ccn1)C(NC[C@@H](C)O)=O)=O)Sc1nncn1C,3.8129467626258653
C[C@@H](CNC(c1ccnc(c1)C(Nc1cccc(c1)[C@H](C)Sc1nncn1C)=O)=O)O,3.8129467626258653
C[C@@H](c1ccnc(c1)NC(c1cc(cc(C(F)(F)F)n1)N1CC[C@@H](C1)O)=O)Sc1nncn1C,3.301138555715016
C[C@@H](c1cccc(c1)NC(c1cc(ccn1)NS(CCO)(=O)=O)=O)Sc1nncn1C,3.8129467626258653
C[C@@H](c1cccc(c1)NC(c1cccc(c1F)C(F)(F)F)=O)Sc1nncn1C,2.813247300897605
C[C@@H](c1cccc(c1)NC(c1cccc(c1)N)=O)Sc1nncn1C,3.8129467626258653
C[C@@H](c1cccc(c1)NC(c1cccc(c1)NC)=O)Sc1nncn1C,3.8129467626258653
C[C@@H](c1cccc(c1)NC(c1cccc(c1)N(C)C)=O)Sc1nncn1C,4.176091259055681
C[C@@H](c1cccc(c1)NC(c1cccc(c1)OC(F)(F)F)=O)Sc1nncn1C,3.8129467626258653
C[C@@H](c1cccc(c1)NC(c1cccc(c1OC)C(F)(F)F)=O)Sc1nncn1C,3.8129467626258653
C[C@@H](c1cccc(c1)NC(c1cccc(c1)c1ccn[nH]1)=O)Sc1nncn1C,3.8129467626258653
C[C@@H](c1cccc(c1)NC(c1cccc(c1)c1ccnn1C)=O)Sc1nncn1C,3.8129467626258653
CC1=CC(NC(=C1)C(Nc1cccc(c1)[C@H](C)Sc1nncn1C)=O)=O,3.8129467626258653
C[C@@H](c1cccc(c1)C(Nc1ccc2ccccc2n1)=O)Sc1nncn1C,3.8750612633917
C[C@@H](c1ccnc(c1)NC(c1ccc2ccccc2n1)=O)Sc1nncn1C,2.813247300897605
C[C@@H](c1ccnc(c1)NC(c1ccc2cccc(c2n1)F)=O)Sc1nncn1C,3.301138555715016
CC(c1cccc(c1)NC(c1ccc2ccccc2n1)=O)Sc1nncn1C,2.813247300897605
C[C@@H](c1cccc(c1)NC(c1ccc2ccccc2n1)=O)Sc1nncn1C,2.813247300897605
Cc1cc(C(Nc2cccc(c2)[C@H](C)Sc2nncn2C)=O)nc2ccccc12,2.813247300897605
Cc1cccc2c1ccc(C(Nc1cccc(c1)[C@H](C)Sc1nncn1C)=O)n2,2.813247300897605
Cn1cnnc1SC(CC=C)c1cccc(c1)NC(c1ccc2ccccc2n1)=O,3.301138555715016
C[C@@H](c1ccc(c(c1)NC(c1ccc2ccccc2n1)=O)F)Sc1nncn1C,3.301138555715016
CC(c1ccc(c(c1)NC(c1ccc2ccccc2n1)=O)OC)Sc1nncn1C,3.301138555715016
C[C@@H](c1cccc(c1)NC(c1cc(c2ccccc2n1)C(F)(F)F)=O)Sc1nncn1C,3.301138555715016
C[C@@H](c1ccnc(c1)NC(c1cc(c2ccccc2n1)C(F)(F)F)=O)Sc1nncn1C,3.8129467626258653
C[C@@H](c1ccnc(c1)NC(c1ccc2CCCCc2n1)=O)Sc1nncn1C,3.301138555715016
CC(c1cccc(c1)NC(c1ccc2CCCCc2n1)=O)Sc1nncn1C,3.301138555715016
C[C@@H](c1cccc(c1)NC(c1ccc2c(cccc2n1)OCC(NC)=O)=O)Sc1nncn1C,2.813247300897605
C[C@@H](c1cccc(c1)NC(c1ccc2c(cccc2n1)OCC(O)=O)=O)Sc1nncn1C,3.301138555715016
CC(c1cc2c(CCC2(C)O)c(c1)NC(c1ccc2ccccc2n1)=O)Sc1nncn1C,3.8129467626258653
C[C@@H](c1cccc(c1)NC(c1cc2c(cccc2[nH]1)[Cl])=O)Sc1nncn1C,2.302114376956201
C[C@@H](c1ccnc(c1)NC(c1cc2c(cccc2[nH]1)C(F)(F)F)=O)Sc1nncn1C,2.302114376956201
C[C@@H](c1cccc(c1)NC(c1cc2ccccc2c(n1)OC)=O)Sc1nncn1C,2.302114376956201
C[C@@H](c1cccc(c1)NC(c1cc2ccccc2cn1)=O)Sc1nncn1C,2.813247300897605
CC(c1cccc(c1)NC(c1cc2ccccc2cn1)=O)Sc1nncn1C,3.301138555715016
C[C@H](c1cccc(c1)NC(c1cc2ccccc2cn1)=O)Sc1nncn1C,3.8129467626258653
Cn1cnnc1SC(CC=C)c1cccc(c1)NC(c1cc2ccccc2cn1)=O,3.301138555715016
C[C@@H](c1cccc(c1)NC(c1cc2ccccc2c(C(F)(F)F)n1)=O)Sc1nncn1C,3.8129467626258653
C[C@@H](c1cccc(c1)NC(c1cc2ccccc2cn1)=O)Sc1nncn1C1CC1,2.813247300897605
C[C@@H](c1ccnc(c1)NC(c1cc2CCCCc2cn1)=O)Sc1nncn1C,3.8129467626258653
C[C@@H](c1cccc(c1)NC(c1cc2ccccc2cn1)=O)Sc1nc[nH]n1,2.813247300897605
C[C@@H](c1cccc(c1)NC(c1cc2cc(ccc2cn1)OCC(NC)=O)=O)Sc1nncn1C,2.302114376956201
C[C@H](c1cccc(c1)NC(c1cc2cc(ccc2cn1)OCC(NC)=O)=O)Sc1nncn1C,3.8129467626258653
C[C@@H](c1cccc(c1)NC(c1cc2cc(ccc2cn1)OCC(NCCN)=O)=O)Sc1nncn1C,2.302114376956201
C[C@@H](c1cccc(c1)NC(c1cc2cc(ccc2cn1)OCC(O)=O)=O)Sc1nncn1C,2.813247300897605
C[C@@H](c1cccc(c1)NC(c1cc2ccc(cc2cn1)OCC(O)=O)=O)Sc1nncn1C,3.301138555715016
C[C@@H](c1cccc(c1)NC(c1cc2cc(ccc2cn1)OCc1ccn[nH]1)=O)Sc1nncn1C,2.302114376956201
C[C@@H](c1cccc(c1)NC(c1nc(cs1)C(F)(F)F)=O)Sc1nncn1C,2.813247300897605
Cc1nc(cs1)C(Nc1cccc(c1)[C@H](C)Sc1nncn1C)=O,3.301138555715016
C[C@@H](c1ccnc(c1)NC(c1csc(C(F)(F)F)n1)=O)Sc1nncn1C,3.301138555715016
C[C@@H](c1ccnc(c1)NC(c1c2ccccc2on1)=O)Sc1nncn1C,3.8129467626258653
Cc1nc2cc(cc(c2o1)NC(c1cccc(C(F)(F)F)n1)=O)[C@H](C)Sc1nncn1C,2.813247300897605
C[C@@H](c1cccc(c1)NC(c1cccc2c1ncs2)=O)Sc1nncn1C,3.301138555715016
C[C@@H](c1ccnc(c1)NC(c1nc2ccccc2s1)=O)Sc1nncn1C,3.8129467626258653
C[C@H](Cc1nncn1C)c1ccnc(c1)NC(c1ccc2ccccc2n1)=O,2.813247300897605
Cc1c[nH]nc1S[C@@H](C)c1ccnc(c1)NC(c1ccc2ccccc2n1)=O,3.301138555715016
CC(c1ccnc(c1)NC(c1ccc2ccccc2n1)=O)Sc1nc(C)cn1C,4.176091259055681
CCN1CCc2c(C1)sc(NC(Nc1cccc(c1)[C@H](C)Sc1nncn1C)=O)n2,3.8750612633917
